timestamp,x_acc,y_acc,z_acc,x_gyro,y_gyro,z_gyro,fall,activity,subject_id,age,height,weight,gender
1622235247000.0,1.13964,9.682152,1.4269443,-0.30818152,0.18509217,-0.18417588,1,13,11,26,168,80,Female
1622245322000.0,1.2449849,9.653421,1.541866,-0.31398472,0.18325958,-0.23365596,1,13,11,26,168,80,Female
1622255766000.0,1.3503298,9.586384,1.5993267,-0.32620203,0.17348573,-0.26267207,1,13,11,26,168,80,Female
1622265485000.0,1.4939818,9.490616,1.6472107,-0.35613444,0.15424347,-0.28099802,1,13,11,26,168,80,Female
1622277500000.0,1.5801731,9.471462,1.7046716,-0.39553526,0.12522738,-0.26358834,1,13,11,26,168,80,Female
1622287294000.0,1.7238252,9.490616,1.7621324,-0.3640757,0.07727446,-0.24862215,1,13,11,26,168,80,Female
1622296817000.0,1.8100165,9.461885,1.8579005,-0.35460728,0.032375857,-0.204029,1,13,11,26,168,80,Female
1622311012000.0,1.9057846,9.414001,1.934515,-0.32650748,0.0021380284,-0.16065755,1,13,11,26,168,80,Female
1622320900000.0,1.8483237,9.442732,1.9440918,-0.27947086,0.013439035,-0.12736541,1,13,11,26,168,80,Female
1622330916000.0,1.7429788,9.461885,2.0015526,-0.24709499,0.04734206,-0.10903945,1,13,11,26,168,80,Female
1622341815000.0,1.6663644,9.471462,2.0494366,-0.20525073,0.1142318,-0.110872045,1,13,11,26,168,80,Female
1622352144000.0,1.6663644,9.509769,2.078167,-0.18325958,0.12186762,-0.12064589,1,13,11,26,168,80,Female
1622365417000.0,1.7142484,9.605537,2.2218192,-0.14996742,0.16493362,-0.0983493,1,13,11,26,168,80,Female
1622376775000.0,1.8100165,9.797073,2.336741,-0.103847094,0.12186762,-0.071776666,1,13,11,26,168,80,Female
1622387813000.0,1.8674773,10.247183,2.5570073,-0.07788532,0.070554934,-0.045814894,1,13,11,26,168,80,Female
1622401819000.0,1.8291701,10.180145,2.585738,-0.06719518,0.018020526,0.0021380284,1,13,11,26,168,80,Female
1622412398000.0,1.7717092,10.01734,2.4229321,-0.07971791,0.016493361,0.03940081,1,13,11,26,168,80,Female
1622422300000.0,1.685518,9.921572,2.3175871,-0.06963864,0.026267206,0.063224554,1,13,11,26,168,80,Female
1622436221000.0,1.6663644,9.883265,2.1930888,-0.049785517,0.05467244,0.08002335,1,13,11,26,168,80,Female
1622446201000.0,1.6376339,9.854534,2.1164744,-0.029626964,0.06872234,0.092240654,1,13,11,26,168,80,Female
1622457652000.0,1.8962077,9.768343,2.135628,0.00580322,0.07727446,0.11881329,1,13,11,26,168,80,Female
1622469821000.0,2.087744,9.605537,2.2026656,0.015271631,0.06963864,0.14049901,1,13,11,26,168,80,Female
1622482177000.0,2.1452048,9.509769,2.2122424,0.02321288,0.06261369,0.15974127,1,13,11,26,168,80,Female
1622494793000.0,2.183512,9.490616,2.1930888,0.04428773,0.04917465,0.16554448,1,13,11,26,168,80,Female
1622506169000.0,2.1547816,9.595961,2.231396,0.069027774,0.05009095,0.17745635,1,13,11,26,168,80,Female
1622516038000.0,2.1164744,9.643845,2.3175871,0.08857546,0.05222898,0.18600847,1,13,11,26,168,80,Female
1622528092000.0,1.9919758,9.595961,2.9496565,0.119729586,0.05100725,0.18753563,1,13,11,26,168,80,Female
1622540177000.0,1.9057846,9.500193,1.8770541,0.13041973,0.06047566,0.2012801,1,13,11,26,168,80,Female
1622553006000.0,1.7429788,9.356541,2.231396,0.11789699,0.054061573,0.20280726,1,13,11,26,168,80,Female
1622563454000.0,1.5705963,9.241618,2.6240451,0.09101892,0.040011674,0.20891592,1,13,11,26,168,80,Female
1622577537000.0,1.4460979,9.174581,1.982399,0.07086037,0.033292156,0.20555615,1,13,11,26,168,80,Female
1622590554000.0,1.4460979,9.222465,2.0015526,0.070554934,0.019242255,0.20769419,1,13,11,26,168,80,Female
1622602169000.0,1.4556746,9.212888,2.087744,0.099265605,0.0061086523,0.21594086,1,13,11,26,168,80,Female
1622614906000.0,1.5801731,9.155427,1.9728222,0.115453534,0.010079277,0.2275473,1,13,11,26,168,80,Female
1622627010000.0,1.5993267,9.069236,1.9249382,0.13927728,0.010995574,0.23609942,1,13,11,26,168,80,Female
1622638614000.0,1.6472107,9.021352,1.934515,0.17195857,0.01740966,0.23976462,1,13,11,26,168,80,Female
1622650921000.0,1.6663644,8.963891,1.9153614,0.1600467,0.014049901,0.23457226,1,13,11,26,168,80,Female
1622660846000.0,1.6280571,8.954314,1.7908629,0.14263703,0.02107485,0.2275473,1,13,11,26,168,80,Female
1622671583000.0,1.6184803,9.021352,1.8100165,0.11881329,0.0030543262,0.23976462,1,13,11,26,168,80,Female
1622686171000.0,1.5514427,9.203311,1.9536686,0.106901415,-0.02565634,0.25961772,1,13,11,26,168,80,Female
1622696545000.0,1.4939818,9.222465,2.087744,0.06352998,-0.08399397,0.27916542,1,13,11,26,168,80,Female
1622712096000.0,1.4460979,9.126697,2.1164744,-0.008246681,-0.112704635,0.28130344,1,13,11,26,168,80,Female
1622722301000.0,1.3311762,9.3182335,2.087744,-0.032986723,-0.13652839,0.2828306,1,13,11,26,168,80,Female
1622737413000.0,1.283292,9.509769,1.9919758,-0.058337633,-0.16523905,0.25320363,1,13,11,26,168,80,Female
1622747298000.0,1.2354081,9.653421,1.8770541,-0.056505036,-0.16035213,0.22327125,1,13,11,26,168,80,Female
1622761789000.0,1.283292,9.758766,1.9536686,-0.0076358155,-0.13652839,0.1685988,1,13,11,26,168,80,Female
1622771702000.0,1.388637,9.844957,2.1452048,-0.0030543262,-0.12797627,0.1337795,1,13,11,26,168,80,Female
1622784662000.0,1.3790601,9.844957,2.3463178,-0.013744468,-0.13927728,0.124005646,1,13,11,26,168,80,Female
1622795849000.0,1.2258313,9.825804,2.4708161,-0.07849618,-0.18478674,0.10567969,1,13,11,26,168,80,Female
1622807620000.0,1.0151415,9.80665,2.384625,-0.22327125,-0.23090707,0.06719518,1,13,11,26,168,80,Female
1622818358000.0,0.7757214,9.80665,2.1930888,-0.2837469,-0.23426682,0.025961773,1,13,11,26,168,80,Female
1622830449000.0,0.5746084,9.825804,1.9728222,-0.33750305,-0.22296582,-0.05681047,1,13,11,26,168,80,Female
1622841014000.0,0.31603462,9.998186,1.6280571,-0.3866777,-0.14355333,-0.16737708,1,13,11,26,168,80,Female
1622853668000.0,0.35434186,10.007763,1.7142484,-0.40683624,-0.043676864,-0.3100141,1,13,11,26,168,80,Female
1622865648000.0,0.37349546,9.892841,1.8004397,-0.45448375,-0.046120327,-0.37201694,1,13,11,26,168,80,Female
1622878238000.0,0.35434186,9.586384,1.7525556,-0.5348125,-0.07391469,-0.45173484,1,13,11,26,168,80,Female
1622890770000.0,0.06703765,8.887277,1.5705963,-0.5870415,-0.06383542,-0.5198463,1,13,11,26,168,80,Female
1622908093000.0,-0.11492168,8.676587,1.484405,-0.7657196,0.002443461,-0.73945236,1,13,11,26,168,80,Female
1622919750000.0,-0.45010993,8.590396,1.2066777,-0.82833326,0.030543262,-0.86590147,1,13,11,26,168,80,Female
1622934624000.0,-0.38307226,8.686164,1.13964,-0.86345804,0.09315695,-1.0641272,1,13,11,26,168,80,Female
1622946211000.0,-0.15322891,8.858546,1.4939818,-0.84391034,0.030848695,-1.1976013,1,13,11,26,168,80,Female
1622956916000.0,0.21068975,9.088389,2.0398598,-0.8900307,-0.07941248,-1.2431108,1,13,11,26,168,80,Female
1622966056000.0,0.7469909,9.423578,2.7964275,-0.9437868,-0.12156218,-1.2513574,1,13,11,26,168,80,Female
1622976121000.0,1.484405,9.883265,3.6487634,-1.135293,-0.1908954,-1.1792754,1,13,11,26,168,80,Female
1622986460000.0,2.0398598,10.084377,4.2999864,-1.6181821,-0.25717425,-1.0122037,1,13,11,26,168,80,Female
1622996387000.0,2.432509,10.065224,4.3957543,-1.998751,-0.2098322,-0.8191703,1,13,11,26,168,80,Female
1623007170000.0,2.4899697,9.691729,4.0222588,-2.1902573,-0.13836098,-0.698219,1,13,11,26,168,80,Female
1623016929000.0,2.2984335,8.839393,3.715801,-2.4019222,-0.10048734,-0.5852089,1,13,11,26,168,80,Female
1623027821000.0,2.1164744,8.015787,3.5434184,-2.5402832,-0.12095132,-0.4578435,1,13,11,26,168,80,Female
1623037673000.0,1.9249382,6.751649,2.5187001,-2.5864034,-0.09010262,-0.3567453,1,13,11,26,168,80,Female
1623047167000.0,1.6184803,6.655881,2.27928,-2.4223862,0.0012217305,-0.3036,1,13,11,26,168,80,Female
1623057589000.0,1.1683705,6.5122285,1.9249382,-2.1868975,0.049480084,-0.31337386,1,13,11,26,168,80,Female
1623069625000.0,0.6607997,6.4068837,1.7812861,-1.91323,0.13927728,-0.39278635,1,13,11,26,168,80,Female
1623080968000.0,0.15322891,6.3111157,1.8195933,-1.6584991,0.16646078,-0.5305365,1,13,11,26,168,80,Female
1623090550000.0,0.009576807,6.2345014,1.9249382,-1.5100589,0.17654006,-0.6713409,1,13,11,26,168,80,Female
1623102279000.0,0.05746084,6.129156,2.3080103,-1.391551,0.23793201,-0.820392,1,13,11,26,168,80,Female
1623114105000.0,0.1436521,5.861006,2.4612393,-1.3723087,0.36377025,-0.8961393,1,13,11,26,168,80,Female
1623125101000.0,0.18195933,5.6120086,2.5953147,-1.3600914,0.47861293,-1.0042624,1,13,11,26,168,80,Female
1623135770000.0,-0.019153614,5.4779334,3.0262709,-1.3607023,0.5002986,-1.1282681,1,13,11,26,168,80,Female
1623145489000.0,-1.2449849,5.4204726,3.715801,-1.3744467,0.51007247,-1.2617421,1,13,11,26,168,80,Female
1623156843000.0,-1.8770541,5.401319,4.012682,-1.3228287,0.3839288,-1.496009,1,13,11,26,168,80,Female
1623166508000.0,-2.2984335,5.363012,4.098873,-1.2867876,0.12675454,-1.6169603,1,13,11,26,168,80,Female
1623179047000.0,-2.7581203,5.046977,4.261679,-1.1844677,-0.10293079,-1.6545285,1,13,11,26,168,80,Female
1623190562000.0,-3.122039,4.6255975,4.3766007,-1.0555751,-0.28863382,-1.6624697,1,13,11,26,168,80,Female
1623202347000.0,-3.1507695,4.232949,4.4340615,-0.97585726,-0.27977628,-1.6994271,1,13,11,26,168,80,Female
1623212145000.0,-3.0358477,3.8498764,4.4723687,-0.9596693,-0.25350907,-1.6893479,1,13,11,26,168,80,Female
1623223497000.0,-2.8060043,3.41892,4.4340615,-0.9239337,-0.14721853,-1.6441438,1,13,11,26,168,80,Female
1623235560000.0,-2.1068976,3.122039,5.9759274,-0.9419542,-0.0143553335,-1.5827519,1,13,11,26,168,80,Female
1623246652000.0,-1.5610195,3.715801,7.383718,-1.2672399,0.27458394,-1.4477507,1,13,11,26,168,80,Female
1623256771000.0,-2.0207062,4.7884035,7.393295,-1.5030339,0.46883908,-1.4654657,1,13,11,26,168,80,Female
1623266462000.0,-3.4955344,6.483498,6.4164605,-1.5216653,0.49296826,-1.5653422,1,13,11,26,168,80,Female
1623276676000.0,-4.3861775,8.494628,7.469909,-1.29198,0.47250426,-1.7296649,1,13,11,26,168,80,Female
1623286676000.0,-4.6351743,9.77792,8.963891,-1.1878275,0.24098633,-1.4101825,1,13,11,26,168,80,Female
1623296742000.0,-5.1140146,9.969456,8.925584,-1.2006557,-0.10903945,-1.2339478,1,13,11,26,168,80,Female
1623308508000.0,-5.4683566,8.868123,8.264784,-1.0842859,-0.5360342,-1.2425,1,13,11,26,168,80,Female
1623318047000.0,-5.5641246,7.8050976,7.872135,-0.9462303,-0.5919284,-1.2932017,1,13,11,26,168,80,Female
1623328025000.0,-5.2480903,7.565677,8.197746,-0.82436264,-0.52687126,-1.2663237,1,13,11,26,168,80,Female
1623340725000.0,-4.76925,7.843405,8.619126,-0.81183994,-0.5681047,-1.153619,1,13,11,26,168,80,Female
1623351691000.0,-3.964798,8.42759,8.887277,-0.8368854,-0.72265357,-1.0690142,1,13,11,26,168,80,Female
1623363317000.0,-3.6966474,8.561666,8.236053,-0.7501425,-0.79412484,-1.0100657,1,13,11,26,168,80,Female
1623376985000.0,-3.9360676,8.226477,7.728483,-0.49602258,-0.6588182,-0.96486163,1,13,11,26,168,80,Female
1623387506000.0,-4.10845,7.575254,7.565677,-0.31215215,-0.4007276,-0.89888823,1,13,11,26,168,80,Female
1623398190000.0,-4.1659107,7.2687964,7.7667904,-0.14966199,-0.26053402,-0.79473567,1,13,11,26,168,80,Female
1623411450000.0,-4.1371803,7.2783732,7.9487495,-0.052534413,-0.1441642,-0.571159,1,13,11,26,168,80,Female
1623420737000.0,-4.1371803,7.2783732,7.9487495,0.015577064,-0.12767084,-0.52503866,1,13,11,26,168,80,Female
1623431982000.0,-4.9224787,7.2783732,7.9870567,0.11911872,-0.05100725,-0.43463063,1,13,11,26,168,80,Female
1623441512000.0,-5.841852,7.824251,7.3071036,0.17348573,-0.0870483,-0.40866885,1,13,11,26,168,80,Female
1623453487000.0,-5.8801594,7.4986396,7.4986396,0.27091873,-0.19150625,-0.38698313,1,13,11,26,168,80,Female
1623465102000.0,-6.0142345,7.086837,7.7093296,0.2959642,-0.26633725,-0.27550024,1,13,11,26,168,80,Female
1623476202000.0,-5.66947,6.885724,7.920019,0.28313604,-0.4071417,-0.20433442,1,13,11,26,168,80,Female
1623487911000.0,-5.3247046,6.742072,7.824251,0.27885997,-0.6218608,-0.06780604,1,13,11,26,168,80,Female
1623502388000.0,-4.912902,6.493075,7.2304893,0.30879238,-0.63224554,0.03726278,1,13,11,26,168,80,Female
1623512043000.0,-3.9839516,6.3206925,6.3589997,0.34269542,-0.5842926,0.14110987,1,13,11,26,168,80,Female
1623521627000.0,-3.7732618,6.5696893,6.244078,0.3549127,-0.4981606,0.19058995,1,13,11,26,168,80,Female
1623536549000.0,-3.667917,7.0485296,5.9184666,0.43493605,-0.44806966,0.39522982,1,13,11,26,168,80,Female
1623545952000.0,-3.572149,7.345411,5.9567738,0.46792278,-0.4541783,0.44104472,1,13,11,26,168,80,Female
1623560087000.0,-3.6104562,7.7093296,6.1004257,0.5589417,-0.44043383,0.5702427,1,13,11,26,168,80,Female
1623571350000.0,-3.3039982,7.680599,6.3589997,0.56107974,-0.5513059,0.69913524,1,13,11,26,168,80,Female
1623581368000.0,-3.1124623,7.565677,6.291962,0.5491679,-0.6096435,0.77640975,1,13,11,26,168,80,Female
1623591255000.0,-2.920926,7.5561004,6.1100025,0.5375614,-0.63163465,0.83199847,1,13,11,26,168,80,Female
1623602378000.0,-2.8921957,7.469909,5.93762,0.5119051,-0.68966687,0.9275989,1,13,11,26,168,80,Female
1623612597000.0,-2.6910827,7.2783732,5.793968,0.4642576,-0.7486154,0.9972375,1,13,11,26,168,80,Female
1623626724000.0,-2.5091233,7.2687964,5.66947,0.36743546,-0.8353582,1.1285735,1,13,11,26,168,80,Female
1623636665000.0,-2.3750482,7.1730285,5.650316,0.2941316,-0.8732319,1.1951579,1,13,11,26,168,80,Female
1623646770000.0,-2.3175871,7.07726,5.4204726,0.22937989,-0.9202685,1.2492194,1,13,11,26,168,80,Female
1623661112000.0,-2.3080103,6.981492,5.1523223,0.17898351,-1.0112875,1.2986995,1,13,11,26,168,80,Female
1623670888000.0,-2.2122424,6.694188,4.8745947,0.0870483,-1.110553,1.3591752,1,13,11,26,168,80,Female
1623681729000.0,-2.1068976,6.540959,4.55856,-0.070249505,-1.2641857,1.4743233,1,13,11,26,168,80,Female
1623691449000.0,-1.9728222,6.339846,4.309563,-0.15332718,-1.3304645,1.5448782,1,13,11,26,168,80,Female
1623702595000.0,-1.9536686,6.1100025,3.8786068,-0.18906279,-1.4782939,1.6643023,1,13,11,26,168,80,Female
1623715629000.0,-1.7046716,6.3685765,4.3957543,-0.21105394,-1.6465873,1.772731,1,13,11,26,168,80,Female
1623727610000.0,3.4955344,9.816227,7.28795,-0.49113566,-0.93187493,2.0912971,1,13,11,26,168,80,Female
1623740181000.0,6.0525417,11.951855,8.264784,-0.7593055,0.20861048,1.9443841,1,13,11,26,168,80,Female
1623752576000.0,7.345411,13.67568,8.130709,-0.3381139,0.21868975,1.5140295,1,13,11,26,168,80,Female
1623765120000.0,7.97748,15.188815,7.019799,-0.07696902,-0.11056661,1.7647897,1,13,11,26,168,80,Female
1623777395000.0,1.292869,13.302185,6.540959,-0.14172074,-0.550695,2.2058344,1,13,11,26,168,80,Female
1623791062000.0,-0.7086837,10.965444,8.647857,0.15974127,-0.88789266,2.1988094,1,13,11,26,168,80,Female
1623804262000.0,-0.8331822,9.557653,9.385271,0.2003638,-1.6362026,2.296548,1,13,11,26,168,80,Female
1623815814000.0,1.2641385,9.911995,9.662998,0.14905111,-1.8820758,2.3832908,1,13,11,26,168,80,Female
1623828768000.0,1.6472107,10.314221,8.810662,-0.05100725,-2.408947,2.7159069,1,13,11,26,168,80,Female
1623840345000.0,1.5131354,9.634268,8.015787,-0.20738874,-2.5604417,2.898861,1,13,11,26,168,80,Female
1623854782000.0,1.3311762,8.073248,7.2209125,-0.4382958,-2.417194,2.8814514,1,13,11,26,168,80,Female
1623865298000.0,1.2066777,5.449203,5.0757074,-0.50335294,-2.10046,2.7406468,1,13,11,26,168,80,Female
1623877810000.0,1.6280571,4.596867,4.2999864,-0.4972443,-1.6462818,2.5885415,1,13,11,26,168,80,Female
1623890302000.0,2.2026656,3.9935284,3.9264908,-0.32559118,-1.4489723,2.5066855,1,13,11,26,168,80,Female
1623902614000.0,3.0262709,3.8402996,3.9743748,-0.056505036,-1.1911873,2.449875,1,13,11,26,168,80,Female
1623914920000.0,4.4723687,4.9320555,4.759673,0.08368854,-0.9428705,2.5986207,1,13,11,26,168,80,Female
1623927383000.0,4.7405195,5.1523223,4.367024,0.11056661,-0.5571091,3.0335567,1,13,11,26,168,80,Female
1623939902000.0,4.2904096,5.0374002,4.4723687,0.005497787,-0.19394971,3.2446108,1,13,11,26,168,80,Female
1623952582000.0,3.715801,5.21936,4.8841715,-0.22357668,-0.013439035,3.5799758,1,13,11,26,168,80,Female
1623965501000.0,2.1164744,5.0182467,4.003105,-0.29840767,0.22540927,3.6758816,1,13,11,26,168,80,Female
1623976425000.0,1.7621324,5.315128,3.7062242,-0.37110063,0.5925393,3.6242635,1,13,11,26,168,80,Female
1623985866000.0,1.7238252,5.6120086,3.0454245,-0.41722095,0.6389651,3.6071594,1,13,11,26,168,80,Female
1623996176000.0,2.1164744,5.3342814,2.4229321,-0.49693888,0.79504114,3.5674531,1,13,11,26,168,80,Female
1624006230000.0,2.8634653,4.4723687,2.1068976,-0.5684101,0.92087936,3.4895678,1,13,11,26,168,80,Female
1624016359000.0,3.9073372,3.1316159,2.0207062,-0.63529986,1.3035865,3.2357533,1,13,11,26,168,80,Female
1624027529000.0,5.0757074,1.6089035,2.4708161,-0.56382865,1.6569719,3.0051515,1,13,11,26,168,80,Female
1624039468000.0,6.4260373,0.33518824,3.7445314,-0.44165558,1.8961257,2.730873,1,13,11,26,168,80,Female
1624051705000.0,8.8777,-0.5363012,6.4260373,-0.35002577,1.8029687,2.2653937,1,13,11,26,168,80,Female
1624061418000.0,9.787497,0.34476504,5.1523223,-0.6588182,2.6261096,2.0790799,1,13,11,26,168,80,Female
1624071446000.0,8.408437,1.4269443,5.899313,-1.2623531,3.5081992,2.1798725,1,13,11,26,168,80,Female
1624085139000.0,6.167464,2.6048915,5.6982,-1.8298469,3.1209106,2.2296581,1,13,11,26,168,80,Female
1624095530000.0,4.8841715,2.327164,6.6367273,-1.9242256,2.4996605,1.9877555,1,13,11,26,168,80,Female
1624107295000.0,7.7572136,-2.087744,13.091495,0.37323865,1.5054774,-0.0729984,1,13,11,26,168,80,Female
1624116829000.0,13.64695,-5.1810527,16.318878,2.169488,1.5882497,-1.2162327,1,13,11,26,168,80,Female
1624132039000.0,12.334928,0.8331822,18.732235,-1.6230689,0.3222314,0.33750305,1,13,11,26,168,80,Female
1624141598000.0,7.967903,-1.283292,18.540697,-2.5130997,-0.48563787,0.68477994,1,13,11,26,168,80,Female
1624155248000.0,5.3342814,-3.265691,14.518439,-2.1346686,-0.30787608,0.96883225,1,13,11,26,168,80,Female
1624165835000.0,4.050989,-3.8307228,9.5385,-2.098933,0.07513642,1.1636983,1,13,11,26,168,80,Female
1624180679000.0,2.9017725,-2.815581,2.6910827,-2.0161607,0.6395759,1.2770138,1,13,11,26,168,80,Female
1624191381000.0,2.6240451,-2.920926,1.4939818,-1.606881,0.50854534,1.2315043,1,13,11,26,168,80,Female
1624203010000.0,1.3503298,-3.6391866,1.532289,-1.3521502,0.090713486,1.1896601,1,13,11,26,168,80,Female
1624212694000.0,-0.6799533,-4.453215,2.231396,-1.1881329,-0.50579643,1.1566733,1,13,11,26,168,80,Female
1624222444000.0,-2.6910827,-4.367024,2.7006595,-0.89644474,-1.1722504,0.872621,1,13,11,26,168,80,Female
1624234692000.0,-4.2521024,-3.1411927,2.7389667,-0.54092115,-1.1578951,0.28008172,1,13,11,26,168,80,Female
1624244523000.0,-5.3821654,-1.1971009,4.606444,-0.3567453,-0.26633725,-0.50335294,1,13,11,26,168,80,Female
1624257361000.0,-5.133168,1.5227122,8.111555,-0.9645562,0.2706133,-1.636508,1,13,11,26,168,80,Female
1624267038000.0,-1.484405,4.5681367,10.812215,-1.348485,-0.7150178,-1.7519615,1,13,11,26,168,80,Female
1624277661000.0,4.6351743,5.6120086,10.055647,-1.4566082,-1.378112,-1.4902058,1,13,11,26,168,80,Female
1624289110000.0,13.129802,2.8538885,6.205771,-1.3707817,-1.7867808,-1.1447614,1,13,11,26,168,80,Female
1624302808000.0,14.010868,0.24899697,5.4683566,-1.3884968,-0.5122105,-0.011911872,1,13,11,26,168,80,Female
1624315433000.0,13.532028,-3.41892,6.943185,-1.6044376,0.017104227,0.7498371,1,13,11,26,168,80,Female
1624327715000.0,11.415554,-9.107543,9.337387,-1.8988746,0.31978795,1.5512923,1,13,11,26,168,80,Female
1624338631000.0,9.787497,-9.624691,10.055647,-1.777007,0.26389378,2.0164661,1,13,11,26,168,80,Female
1624351282000.0,7.7572136,-9.461885,10.228029,-1.817935,-0.099265605,2.9596422,1,13,11,26,168,80,Female
1624361239000.0,5.899313,-8.6574335,9.595961,-1.9263636,0.03970624,3.334408,1,13,11,26,168,80,Female
1624372275000.0,4.10845,-7.1634517,9.394848,-2.0491474,0.12370021,3.515224,1,13,11,26,168,80,Female
1624384154000.0,2.4420857,-6.1387334,7.240066,-2.1459696,0.5815437,3.4089334,1,13,11,26,168,80,Female
1624395457000.0,0.48841715,-5.2289367,5.90889,-2.0598376,0.72418076,3.2226195,1,13,11,26,168,80,Female
1624406212000.0,-2.9017725,-4.606444,6.6750345,-1.7186694,0.44684792,2.7687466,1,13,11,26,168,80,Female
1624415884000.0,-4.213795,-4.960786,6.9144545,-1.1157454,-0.018020526,2.1206186,1,13,11,26,168,80,Female
1624428328000.0,-5.2480903,-4.9416323,8.063671,-0.5934556,0.21166481,0.6826419,1,13,11,26,168,80,Female
1624440679000.0,-5.0278234,-5.7843914,9.021352,-0.57451874,-0.16982053,-0.09987647,1,13,11,26,168,80,Female
1624452375000.0,-3.5625722,-6.7708025,8.973468,-0.79473567,-0.9315695,-1.2241739,1,13,11,26,168,80,Female
1624461725000.0,-0.22984336,-6.483498,6.5984197,-0.6783658,-0.5467244,-1.4993688,1,13,11,26,168,80,Female
1624472471000.0,2.7964275,-5.889736,5.8801594,-0.46944994,-0.5308419,-1.5943583,1,13,11,26,168,80,Female
1624485128000.0,4.6926355,-5.209783,5.717354,-0.47403142,-0.6771441,-1.6881261,1,13,11,26,168,80,Female
1624495579000.0,5.391742,-5.0661306,5.9663506,-0.5626069,-0.47983465,-1.7556267,1,13,11,26,168,80,Female
1624505993000.0,5.985504,-5.00867,6.205771,-0.5751296,-0.41691554,-1.6826283,1,13,11,26,168,80,Female
1624515937000.0,6.3589997,-5.161899,6.895301,-0.5311473,-0.50426924,-1.4966198,1,13,11,26,168,80,Female
1624527839000.0,6.244078,-5.3821654,6.9048777,-0.43493605,-1.119716,-1.1942415,1,13,11,26,168,80,Female
1624538788000.0,6.0621185,-5.947197,6.7612257,-0.37384954,-1.400714,-1.070236,1,13,11,26,168,80,Female
1624548516000.0,6.2823853,-6.9240313,6.6750345,-0.27885997,-1.4517213,-0.9462303,1,13,11,26,168,80,Female
1624560126000.0,5.861006,-7.73806,6.6750345,-0.17379116,-1.3912456,-0.7715228,1,13,11,26,168,80,Female
1624570612000.0,5.2385135,-8.236053,6.2632318,-0.122478485,-1.2990049,-0.6169739,1,13,11,26,168,80,Female
1624584075000.0,3.9552212,-7.2113357,5.4683566,-0.02565634,-0.7779369,-0.59528816,1,13,11,26,168,80,Female
1624593279000.0,3.6104562,-6.531382,5.171476,-0.069027774,-0.6059783,-0.5925393,1,13,11,26,168,80,Female
1624605876000.0,3.9839516,-5.7365074,4.912902,-0.17012598,-0.41813725,-0.64476824,1,13,11,26,168,80,Female
1624615412000.0,5.0278234,-5.2289367,4.721366,-0.20097467,-0.37201694,-0.6762278,1,13,11,26,168,80,Female
1624627802000.0,6.1195793,-5.21936,4.4819455,-0.18936823,-0.3173445,-0.7156286,1,13,11,26,168,80,Female
1624638099000.0,6.799533,-5.3438582,4.2425256,-0.11362094,-0.27488935,-0.7312057,1,13,11,26,168,80,Female
1624651942000.0,7.1251445,-5.315128,4.1371803,0.058643065,-0.26175576,-0.6918049,1,13,11,26,168,80,Female
1624661718000.0,7.192182,-5.1810527,3.9935284,0.22602014,-0.23365596,-0.6783658,1,13,11,26,168,80,Female
1624671597000.0,7.144298,-4.9320555,4.271256,0.2996294,-0.22388211,-0.6768387,1,13,11,26,168,80,Female
1624683546000.0,6.8761473,-4.807557,4.663905,0.50610185,-0.008246681,-0.6429357,1,13,11,26,168,80,Female
1624694794000.0,6.588843,-4.663905,5.094861,0.59986967,0.106901415,-0.5897904,1,13,11,26,168,80,Female
1624706948000.0,6.205771,-4.453215,5.4204726,0.6133087,0.22449298,-0.50793445,1,13,11,26,168,80,Female
1624716525000.0,5.7748146,-4.213795,5.6790466,0.5458081,0.31123585,-0.49571714,1,13,11,26,168,80,Female
1624727609000.0,5.3821654,-3.9264908,6.0238113,0.4260785,0.40469822,-0.48716503,1,13,11,26,168,80,Female
1624740361000.0,5.1235914,-3.620033,6.196194,0.2602286,0.38759398,-0.49205196,1,13,11,26,168,80,Female
1624752035000.0,5.6120086,-3.323152,5.9567738,0.061086524,0.41783184,-0.58246,1,13,11,26,168,80,Female
1624762109000.0,6.2345014,-3.2848446,5.746084,0.060170226,0.3662137,-0.6239988,1,13,11,26,168,80,Female
1624771704000.0,6.789956,-3.3518825,5.391742,0.12767084,0.30176744,-0.62796944,1,13,11,26,168,80,Female
1624786370000.0,6.981492,-3.323152,5.056554,0.30818152,0.11911872,-0.6933321,1,13,11,26,168,80,Female
1624796260000.0,6.991069,-3.2082303,4.6160207,0.37720928,0.07360926,-0.711658,1,13,11,26,168,80,Female
1624807898000.0,6.9240313,-3.1411927,4.3382936,0.65270954,0.16279559,-0.8374963,1,13,11,26,168,80,Female
1624819917000.0,6.540959,-3.064578,4.31914,0.86620694,0.33261612,-0.88789266,1,13,11,26,168,80,Female
1624831882000.0,6.1195793,-3.1890767,4.5681367,1.1203269,0.52626044,-1.0409144,1,13,11,26,168,80,Female
1624841454000.0,5.9567738,-3.3039982,4.855441,1.2889256,0.6078109,-1.2021828,1,13,11,26,168,80,Female
1624853729000.0,5.947197,-3.2848446,5.209783,1.455081,0.6301075,-1.3643675,1,13,11,26,168,80,Female
1624865861000.0,6.0716953,-2.9879637,5.5162406,1.5476271,0.5653558,-1.4721853,1,13,11,26,168,80,Female
1624877844000.0,6.0621185,-2.5474305,6.0046577,1.5354098,0.301462,-1.5057828,1,13,11,26,168,80,Female
1624887744000.0,6.0238113,-2.0207062,6.493075,1.4871514,0.06536258,-1.4679092,1,13,11,26,168,80,Female
1624897453000.0,5.9759274,-1.484405,6.7133417,1.4416419,-0.06872234,-1.4059063,1,13,11,26,168,80,Female
1624910954000.0,6.157887,-0.2681506,6.9048777,1.4214834,-0.054367006,-1.361924,1,13,11,26,168,80,Female
1624920948000.0,6.167464,-0.076614454,6.933608,1.3778065,-0.23579398,-1.2681563,1,13,11,26,168,80,Female
1624931776000.0,6.14831,0.08619126,7.067683,1.382388,-0.45845437,-1.1924089,1,13,11,26,168,80,Female
1624941484000.0,6.1100025,0.20111294,7.1059904,1.4627168,-0.49174652,-1.153619,1,13,11,26,168,80,Female
1624951716000.0,6.1195793,0.21068975,7.07726,1.5537357,-0.3023783,-1.2089024,1,13,11,26,168,80,Female
1624961572000.0,6.2632318,0.39264908,7.4124484,1.4737124,-0.21288654,-1.2993103,1,13,11,26,168,80,Female
1624971727000.0,6.751649,0.7374141,7.6614456,1.3298537,-0.16646078,-1.3423764,1,13,11,26,168,80,Female
1624985693000.0,7.5082164,1.484405,7.4507556,1.1267409,-0.035124753,-1.3115277,1,13,11,26,168,80,Female
1624996182000.0,8.121132,2.4037786,7.5944076,0.95172805,-0.0290161,-1.1187997,1,13,11,26,168,80,Female
1625006326000.0,9.174581,2.7485435,7.1059904,0.7993172,-0.43004912,-0.7626653,1,13,11,26,168,80,Female
1625016190000.0,9.184157,2.336741,6.751649,0.8414669,-0.42821655,-0.5497787,1,13,11,26,168,80,Female
1625028530000.0,9.241618,1.8291701,6.588843,0.8668178,-0.18448131,-0.37110063,1,13,11,26,168,80,Female
1625040788000.0,9.308656,1.340753,6.7324953,0.8491027,0.19761491,-0.21899518,1,13,11,26,168,80,Female
1625053506000.0,9.346964,1.3311762,7.153875,0.8268061,0.6239988,0.064751714,1,13,11,26,168,80,Female
1625066347000.0,8.293514,2.2218192,8.130709,0.59681535,0.40622538,0.22052236,1,13,11,26,168,80,Female
1625078505000.0,7.1826053,2.767697,7.920019,0.30543262,-0.2321288,0.2932153,1,13,11,26,168,80,Female
1625090654000.0,6.129156,3.4284968,8.025364,0.27305678,-0.34574974,0.27091873,1,13,11,26,168,80,Female
1625106171000.0,5.5737014,5.056554,7.5944076,0.18142697,-0.19303341,0.10293079,1,13,11,26,168,80,Female
1625116683000.0,6.090849,5.583278,7.536947,-0.035430185,0.20433442,0.01863139,1,13,11,26,168,80,Female
1625128494000.0,6.196194,5.00867,7.776367,-0.13622294,0.21899518,0.07971791,1,13,11,26,168,80,Female
1625140925000.0,6.2249246,4.1180267,7.795521,-0.21044308,0.14110987,0.08368854,1,13,11,26,168,80,Female
1625152911000.0,6.4068837,3.1986535,7.680599,-0.33658674,0.106901415,0.0870483,1,13,11,26,168,80,Female
1625165484000.0,7.642292,1.2066777,7.1155677,-0.3839288,0.048563786,0.11484267,1,13,11,26,168,80,Female
1625177533000.0,8.178593,0.4405331,6.7612257,-0.3747658,0.022296581,0.2687807,1,13,11,26,168,80,Female
1625190157000.0,8.542512,0.22026655,6.3206925,-0.2996294,-0.039095376,0.3304781,1,13,11,26,168,80,Female
1625202773000.0,8.590396,0.1340753,5.803545,-0.12644911,-0.07422013,0.47219884,1,13,11,26,168,80,Female
1625215388000.0,7.603985,0.22984336,5.353435,-0.034513887,-0.031154128,0.50671273,1,13,11,26,168,80,Female
1625227664000.0,6.6750345,0.38307226,5.592855,0.073303826,0.06078109,0.48716503,1,13,11,26,168,80,Female
1625240172000.0,5.851429,0.61291564,5.9280434,0.11148291,0.1255328,0.38056904,1,13,11,26,168,80,Female
1625252648000.0,4.912902,0.81402856,6.8569937,0.18387043,0.1908954,0.18448131,1,13,11,26,168,80,Female
1625266091000.0,4.8362875,0.93852705,7.0964136,0.20738874,0.17715092,0.08857546,1,13,11,26,168,80,Female
1625280545000.0,5.0182467,1.043872,7.2209125,0.20525073,0.16462818,-0.016493361,1,13,11,26,168,80,Female
1625291059000.0,5.305551,1.1683705,7.4028716,0.19914207,0.118507855,-0.062308256,1,13,11,26,168,80,Female
1625303638000.0,5.592855,1.2258313,7.536947,0.2012801,0.04184427,-0.09743301,1,13,11,26,168,80,Female
1625315749000.0,6.301539,1.1683705,7.699753,0.20341812,0.01863139,-0.07971791,1,13,11,26,168,80,Female
1625331320000.0,6.789956,1.1492168,7.690176,0.14813483,-0.0290161,-0.021685716,1,13,11,26,168,80,Female
1625342059000.0,6.9623384,1.13964,7.632715,0.10873401,-0.03848451,0.008857546,1,13,11,26,168,80,Female
1625353827000.0,7.038953,1.0821792,7.5082164,0.07666359,-0.04917465,0.04428773,1,13,11,26,168,80,Female
1625365875000.0,7.3071036,1.1971009,7.345411,0.049480084,-0.06047566,0.06963864,1,13,11,26,168,80,Female
1625377713000.0,7.383718,1.2066777,7.2113357,0.015577064,-0.057726767,0.16157386,1,13,11,26,168,80,Female
1625387763000.0,7.383718,1.2066777,7.07726,-0.002443461,-0.05497787,0.1966986,1,13,11,26,168,80,Female
1625397183000.0,7.2592196,1.1971009,6.9240313,-0.02107485,-0.041233405,0.20952678,1,13,11,26,168,80,Female
1625411427000.0,6.8186865,1.1492168,6.7229185,-0.03023783,-0.004276057,0.18875736,1,13,11,26,168,80,Female
1625421029000.0,6.6750345,1.1587936,6.742072,-0.04642576,0.00580322,0.18020524,1,13,11,26,168,80,Female
1625432344000.0,6.5601125,1.1683705,6.7708025,-0.056199603,0.063224554,0.129198,1,13,11,26,168,80,Female
1625442033000.0,6.588843,1.1109096,6.8282633,-0.0720821,0.08307768,0.106901415,1,13,11,26,168,80,Female
1625453115000.0,6.5696893,1.0055647,6.8569937,-0.073303826,0.09315695,0.08979719,1,13,11,26,168,80,Female
1625465973000.0,6.6175733,1.0151415,6.8761473,-0.086132,0.08674286,0.09132435,1,13,11,26,168,80,Female
1625481212000.0,6.751649,1.1204864,6.9240313,-0.08032878,0.0729984,0.10415252,1,13,11,26,168,80,Female
1625491360000.0,6.83784,1.1587936,6.9527617,-0.06963864,0.071776666,0.14813483,1,13,11,26,168,80,Female
1625503603000.0,6.9144545,1.2737153,6.9240313,-0.08246681,0.082161374,0.16401732,1,13,11,26,168,80,Female
1625514625000.0,6.9623384,1.3503298,6.9623384,-0.09865474,0.095294975,0.20005837,1,13,11,26,168,80,Female
1625528012000.0,6.933608,1.340753,6.9719152,-0.106595986,0.06811147,0.21502456,1,13,11,26,168,80,Female
1625540592000.0,6.83784,1.1875241,6.981492,-0.09437868,0.024129177,0.204029,1,13,11,26,168,80,Female
1625552664000.0,6.789956,1.1109096,6.943185,-0.08857546,0.0421497,0.24678956,1,13,11,26,168,80,Female
1625566004000.0,6.742072,0.89064306,6.885724,-0.086132,0.06872234,0.24037547,1,13,11,26,168,80,Female
1625577480000.0,6.6846113,0.4405331,6.751649,-0.06688975,0.116675265,0.22327125,1,13,11,26,168,80,Female
1625591037000.0,6.7229185,0.2873042,6.742072,-0.062308256,0.14263703,0.20922135,1,13,11,26,168,80,Female
1625606653000.0,6.7612257,0.17238252,6.799533,-0.036651913,0.17654006,0.20677789,1,13,11,26,168,80,Female
1625616312000.0,6.8282633,0.11492168,6.847417,-0.032986723,0.18112154,0.19364429,1,13,11,26,168,80,Female
1625630275000.0,6.8282633,0.12449849,6.8665705,-0.023518313,0.18020524,0.18997909,1,13,11,26,168,80,Female
1625640905000.0,6.7708025,0.2681506,6.9527617,-0.0125227375,0.18997909,0.18325958,1,13,11,26,168,80,Female
1625652670000.0,6.7612257,0.39264908,6.885724,0.017715093,0.19303341,0.17623462,1,13,11,26,168,80,Female
1625665060000.0,6.751649,0.5554548,6.895301,0.019547688,0.2098322,0.17623462,1,13,11,26,168,80,Female
1625676588000.0,6.6654577,0.8331822,7.0102224,0.038789943,0.22418754,0.16249016,1,13,11,26,168,80,Female
1625686256000.0,6.6367273,0.93852705,6.9719152,0.05131268,0.23243423,0.14294247,1,13,11,26,168,80,Female
1625696442000.0,6.5696893,1.043872,7.029376,0.09162979,0.27855456,0.14996742,1,13,11,26,168,80,Female
1625707194000.0,6.6367273,1.1300632,7.249643,0.13469578,0.27763826,0.15118915,1,13,11,26,168,80,Female
1625716791000.0,6.5218053,1.0821792,7.383718,0.17531833,0.21838433,0.16890424,1,13,11,26,168,80,Female
1625728229000.0,6.3781533,1.0151415,7.479486,0.17898351,0.24862215,0.18234327,1,13,11,26,168,80,Female
1625740683000.0,6.244078,0.94810385,7.52737,0.16798794,0.20250183,0.18387043,1,13,11,26,168,80,Female
1625753241000.0,6.1004257,0.79487497,7.5561004,0.1469131,0.21135938,0.1966986,1,13,11,26,168,80,Female
1625765695000.0,5.899313,0.5363012,7.651869,0.14874569,0.20066923,0.20219639,1,13,11,26,168,80,Female
1625778071000.0,5.7748146,0.5363012,7.680599,0.14202617,0.14294247,0.21624629,1,13,11,26,168,80,Female
1625791227000.0,5.6886234,0.5363012,7.651869,0.15027285,0.14752395,0.2574797,1,13,11,26,168,80,Female
1625803088000.0,5.5737014,0.40222588,7.632715,0.15271631,0.15821409,0.29443705,1,13,11,26,168,80,Female
1625815107000.0,5.48751,0.40222588,7.73806,0.15515977,0.1282817,0.2950479,1,13,11,26,168,80,Female
1625827433000.0,5.45878,0.45010993,7.728483,0.18051068,0.05100725,0.3042109,1,13,11,26,168,80,Female
1625840124000.0,5.439626,0.50757074,7.7572136,0.18570304,0.026267206,0.29840767,1,13,11,26,168,80,Female
1625853992000.0,5.439626,0.545878,7.8050976,0.20280726,0.035430185,0.30970868,1,13,11,26,168,80,Female
1625865920000.0,5.439626,0.60333884,7.690176,0.17470746,-0.015577064,0.2919936,1,13,11,26,168,80,Female
1625877949000.0,5.439626,0.63206923,7.680599,0.16401732,-0.046120327,0.26145032,1,13,11,26,168,80,Female
1625890151000.0,5.6215854,0.51714754,7.5465236,0.16157386,-0.0076358155,0.25961772,1,13,11,26,168,80,Female
1625901145000.0,5.6120086,0.5363012,7.795521,0.17012598,-0.035124753,0.24281894,1,13,11,26,168,80,Female
1625911313000.0,5.6886234,0.7182605,7.833828,0.122783914,-0.087964594,0.18112154,1,13,11,26,168,80,Female
1625920942000.0,5.7748146,0.6895301,7.7572136,0.1142318,-0.09437868,0.1554652,1,13,11,26,168,80,Female
1625931560000.0,5.8801594,0.5363012,7.728483,0.08368854,-0.116980694,0.09590584,1,13,11,26,168,80,Female
1625941187000.0,5.9759274,0.5650316,7.5848308,0.08246681,-0.07849618,0.10262536,1,13,11,26,168,80,Female
1625951527000.0,6.0142345,0.51714754,7.575254,0.058948494,-0.043066,0.07147124,1,13,11,26,168,80,Female
1625961862000.0,6.196194,0.4405331,7.7667904,0.032986723,0.02565634,0.08032878,1,13,11,26,168,80,Female
1625971892000.0,6.1866174,0.5363012,7.7189064,0.042760566,-0.030848695,0.058948494,1,13,11,26,168,80,Female
1625984233000.0,6.157887,0.62249243,7.651869,-0.015271631,-0.046731193,0.03023783,1,13,11,26,168,80,Female
1625994376000.0,6.1387334,0.6607997,7.642292,-0.011911872,-0.04337143,0.036957346,1,13,11,26,168,80,Female
1626004467000.0,6.0525417,0.6512229,7.6231384,-0.0143553335,-0.052534413,0.03634648,1,13,11,26,168,80,Female
1626014926000.0,5.9184666,0.641646,7.6231384,-0.010995574,-0.052534413,0.03359759,1,13,11,26,168,80,Female
1626027307000.0,5.851429,0.62249243,7.6135616,-0.009468411,-0.06566802,0.009773844,1,13,11,26,168,80,Female
1626036912000.0,5.765238,0.6512229,7.575254,-0.010995574,-0.06811147,-0.0021380284,1,13,11,26,168,80,Female
1626047162000.0,5.7365074,0.61291564,7.642292,-0.0106901415,-0.09254608,-0.020463986,1,13,11,26,168,80,Female
1626058655000.0,5.717354,0.545878,7.680599,-0.005497787,-0.105068825,-0.027183503,1,13,11,26,168,80,Female
1626068836000.0,5.7269306,0.545878,7.6710224,-0.009773844,-0.12339478,-0.032375857,1,13,11,26,168,80,Female
1626080975000.0,5.717354,0.545878,7.632715,-0.020158553,-0.1432479,-0.032986723,1,13,11,26,168,80,Female
1626092454000.0,5.7843914,0.545878,7.5848308,-0.01863139,-0.16890424,-0.056199603,1,13,11,26,168,80,Female
1626102916000.0,5.861006,0.61291564,7.441179,-0.02076942,-0.20463985,-0.06505715,1,13,11,26,168,80,Female
1626114672000.0,5.9663506,0.5650316,7.374141,-0.028710667,-0.18906279,-0.05467244,1,13,11,26,168,80,Female
1626127183000.0,6.0621185,0.50757074,7.326257,-0.04550946,-0.18967366,-0.05222898,1,13,11,26,168,80,Female
1626138646000.0,6.167464,0.49799395,7.28795,-0.049785517,-0.18051068,-0.05681047,1,13,11,26,168,80,Female
1626149576000.0,6.3206925,0.49799395,7.2592196,-0.04337143,-0.17745635,-0.070554934,1,13,11,26,168,80,Female
1626160174000.0,6.5984197,0.49799395,7.1826053,-0.05375614,-0.17592919,-0.06688975,1,13,11,26,168,80,Female
1626170223000.0,6.703765,0.5650316,7.086837,-0.05955936,-0.16523905,-0.07360926,1,13,11,26,168,80,Female
1626180877000.0,6.8282633,0.60333884,6.9719152,-0.07941248,-0.12461651,-0.07941248,1,13,11,26,168,80,Female
1626191327000.0,6.8761473,0.61291564,6.943185,-0.083383106,-0.10323623,-0.0711658,1,13,11,26,168,80,Female
1626202067000.0,6.9240313,0.61291564,6.9527617,-0.089491755,-0.08002335,-0.07941248,1,13,11,26,168,80,Female
1626212149000.0,6.9144545,0.60333884,6.8665705,-0.108123146,-0.070249505,-0.07696902,1,13,11,26,168,80,Female
1626222184000.0,6.9048777,0.5554548,6.9048777,-0.10567969,-0.050701816,-0.08552113,1,13,11,26,168,80,Female
1626235971000.0,6.9048777,0.59376204,6.847417,-0.112704635,-0.037873644,-0.08399397,1,13,11,26,168,80,Female
1626245767000.0,6.8665705,0.5267244,6.83784,-0.10781772,-0.01282817,-0.070249505,1,13,11,26,168,80,Female
1626256601000.0,6.83784,0.45010993,6.847417,-0.09621128,-0.009468411,-0.0693332,1,13,11,26,168,80,Female
1626266443000.0,6.799533,0.4213795,6.9048777,-0.082161374,-0.0033597588,-0.05955936,1,13,11,26,168,80,Female
1626278878000.0,6.6654577,0.29688102,6.9527617,-0.07147124,-0.0021380284,-0.05467244,1,13,11,26,168,80,Female
1626290873000.0,6.6271505,0.2681506,7.0006456,-0.056199603,-0.002443461,-0.051618114,1,13,11,26,168,80,Female
1626303119000.0,6.5696893,0.24899697,6.991069,-0.056505036,-0.00580322,-0.046120327,1,13,11,26,168,80,Female
1626313922000.0,6.5601125,0.2681506,7.0006456,-0.049785517,0.0143553335,-0.04795292,1,13,11,26,168,80,Female
1626325516000.0,6.579266,0.2681506,6.991069,-0.036957346,0.021380283,-0.050396383,1,13,11,26,168,80,Female
1626335238000.0,6.588843,0.25857377,6.981492,-0.036651913,0.02443461,-0.05375614,1,13,11,26,168,80,Female
1626346060000.0,6.6175733,0.25857377,6.943185,-0.023518313,0.022296581,-0.054061573,1,13,11,26,168,80,Female
1626357163000.0,6.6846113,0.37349546,6.8761473,-0.0033597588,0.01985312,-0.036957346,1,13,11,26,168,80,Female
1626366744000.0,6.7133417,0.4213795,6.885724,0.007941248,0.015271631,-0.02107485,1,13,11,26,168,80,Female
1626378091000.0,6.751649,0.45968673,6.943185,0.021380283,0.03359759,-0.015577064,1,13,11,26,168,80,Female
1626387886000.0,6.751649,0.45010993,6.9719152,0.024129177,0.030848695,-0.00580322,1,13,11,26,168,80,Female
1626397582000.0,6.7708025,0.51714754,6.981492,0.025045475,0.043676864,0.007330383,1,13,11,26,168,80,Female
1626409767000.0,6.751649,0.5267244,7.029376,0.030848695,0.06291912,0.01985312,1,13,11,26,168,80,Female
1626420194000.0,6.7612257,0.58418524,7.0006456,0.029321533,0.07971791,0.025961773,1,13,11,26,168,80,Female
1626430467000.0,6.7324953,0.60333884,7.0102224,0.027794369,0.087659165,0.029626964,1,13,11,26,168,80,Female
1626441395000.0,6.7612257,0.641646,7.0006456,0.025045475,0.1020145,0.03573562,1,13,11,26,168,80,Female
1626451993000.0,6.7133417,0.63206923,6.9623384,0.029321533,0.10934488,0.04917465,1,13,11,26,168,80,Female
1626462997000.0,6.6367273,0.6512229,6.991069,0.018936822,0.11759156,0.069027774,1,13,11,26,168,80,Female
1626475914000.0,6.5505357,0.6703765,7.1059904,0.02107485,0.12370021,0.06658431,1,13,11,26,168,80,Female
1626486175000.0,6.531382,0.6703765,7.144298,0.030543262,0.1142318,0.058337633,1,13,11,26,168,80,Female
1626496346000.0,6.5026517,0.6991069,7.144298,0.021685716,0.11789699,0.070249505,1,13,11,26,168,80,Female
1626506535000.0,6.445191,0.7278373,7.1730285,0.01740966,0.12492194,0.06811147,1,13,11,26,168,80,Female
1626516235000.0,6.4068837,0.6895301,7.192182,0.029932396,0.12370021,0.062308256,1,13,11,26,168,80,Female
1626526896000.0,6.3589997,0.6703765,7.2592196,0.03176499,0.12461651,0.05222898,1,13,11,26,168,80,Female
1626536786000.0,6.301539,0.6799533,7.2687964,0.03268129,0.13164146,0.053145275,1,13,11,26,168,80,Female
1626546611000.0,6.291962,0.6895301,7.297527,0.03176499,0.12889257,0.05589417,1,13,11,26,168,80,Female
1626557255000.0,6.2632318,0.6607997,7.3071036,0.037873644,0.13133603,0.05009095,1,13,11,26,168,80,Female
1626566941000.0,6.1866174,0.61291564,7.3549876,0.03848451,0.12461651,0.042760566,1,13,11,26,168,80,Female
1626579308000.0,6.196194,0.5554548,7.345411,0.04795292,0.119729586,0.038789943,1,13,11,26,168,80,Female
1626589612000.0,6.215348,0.49799395,7.422025,0.06627888,0.122478485,0.030848695,1,13,11,26,168,80,Female
1626603437000.0,6.1866174,0.47884035,7.517793,0.109650314,0.09101892,0.032375857,1,13,11,26,168,80,Female
1626614951000.0,6.129156,0.48841715,7.5082164,0.10476339,0.08277224,0.04734206,1,13,11,26,168,80,Female
1626627238000.0,6.0621185,0.48841715,7.441179,0.089491755,0.080634214,0.06841691,1,13,11,26,168,80,Female
1626637547000.0,6.0621185,0.48841715,7.441179,0.09193522,0.0693332,0.06780604,1,13,11,26,168,80,Female
1626647834000.0,6.042965,0.47884035,7.479486,0.08827003,0.06352998,0.080634214,1,13,11,26,168,80,Female
1626658592000.0,6.042965,0.51714754,7.52737,0.09437868,0.052839845,0.08277224,1,13,11,26,168,80,Female
1626668409000.0,6.0142345,0.51714754,7.536947,0.09285152,0.055588737,0.09468412,1,13,11,26,168,80,Female
1626678943000.0,6.0142345,0.45968673,7.536947,0.08155051,0.05009095,0.095294975,1,13,11,26,168,80,Female
1626689058000.0,5.9759274,0.41180268,7.489063,0.07880162,0.03848451,0.09590584,1,13,11,26,168,80,Female
1626701504000.0,6.042965,0.36391866,7.393295,0.074830994,0.032986723,0.08674286,1,13,11,26,168,80,Female
1626710822000.0,6.0621185,0.35434186,7.441179,0.09315695,0.03756821,0.09193522,1,13,11,26,168,80,Female
1626720967000.0,6.090849,0.40222588,7.4603324,0.08368854,0.036651913,0.09162979,1,13,11,26,168,80,Female
1626731732000.0,6.129156,0.45968673,7.5082164,0.09101892,0.02321288,0.098043874,1,13,11,26,168,80,Female
1626742063000.0,6.1195793,0.51714754,7.5082164,0.080634214,0.028710667,0.09560041,1,13,11,26,168,80,Female
1626751784000.0,6.081272,0.5554548,7.4986396,0.0852157,0.028099801,0.08399397,1,13,11,26,168,80,Female
1626761608000.0,6.1100025,0.641646,7.393295,0.06994407,0.04428773,0.057421334,1,13,11,26,168,80,Female
1626772969000.0,6.1004257,0.6799533,7.374141,0.060170226,0.05589417,0.04062254,1,13,11,26,168,80,Female
1626785625000.0,6.253655,0.7469909,7.3549876,0.051618114,0.06047566,0.029932396,1,13,11,26,168,80,Female
1626795723000.0,6.339846,0.7278373,7.345411,0.042455133,0.073303826,0.016187929,1,13,11,26,168,80,Female
1626807297000.0,6.397307,0.79487497,7.335834,0.02687807,0.09040806,0.014966198,1,13,11,26,168,80,Female
1626816444000.0,6.4164605,0.842759,7.393295,0.015882496,0.08979719,0.009773844,1,13,11,26,168,80,Female
1626826788000.0,6.4164605,0.90021986,7.393295,0.00061086525,0.089186326,0.011301007,1,13,11,26,168,80,Female
1626836726000.0,6.3685765,0.92895025,7.383718,-0.017715093,0.095294975,0.008552114,1,13,11,26,168,80,Female
1626847798000.0,6.2249246,0.8810662,7.345411,-0.02443461,0.1001819,0.0070249503,1,13,11,26,168,80,Female
1626860664000.0,6.157887,0.8331822,7.345411,-0.02443461,0.10903945,0.0067195175,1,13,11,26,168,80,Female
1626870743000.0,6.129156,0.7757214,7.326257,-0.03604105,0.099571034,0.004581489,1,13,11,26,168,80,Female
1626882755000.0,6.14831,0.7469909,7.422025,-0.04184427,0.10842858,0.009468411,1,13,11,26,168,80,Female
1626892050000.0,6.14831,0.7278373,7.479486,-0.04184427,0.10323623,0.0009162979,1,13,11,26,168,80,Female
1626904376000.0,6.1004257,0.6895301,7.4603324,-0.027794369,0.118507855,0.0125227375,1,13,11,26,168,80,Female
1626914065000.0,6.090849,0.6512229,7.5465236,-0.044593163,0.096516706,0.013133603,1,13,11,26,168,80,Female
1626929866000.0,6.0046577,0.61291564,7.479486,-0.022907447,0.09254608,0.014049901,1,13,11,26,168,80,Female
1626940280000.0,5.947197,0.61291564,7.517793,-0.018020526,0.08979719,0.0143553335,1,13,11,26,168,80,Female
1626952382000.0,5.9184666,0.5554548,7.5848308,-0.013744468,0.083383106,0.009773844,1,13,11,26,168,80,Female
1626962478000.0,5.90889,0.5267244,7.5944076,-0.0070249503,0.06963864,0.008246681,1,13,11,26,168,80,Female
1626976841000.0,5.861006,0.60333884,7.5944076,-0.01038471,0.052839845,0.008552114,1,13,11,26,168,80,Female
1626987019000.0,5.793968,0.60333884,7.565677,0.004276057,0.04062254,0.01160644,1,13,11,26,168,80,Female
1626997356000.0,5.8226986,0.5554548,7.479486,0.0009162979,0.028405234,0.0076358155,1,13,11,26,168,80,Female
1627007928000.0,5.90889,0.5267244,7.517793,0.005192355,0.024129177,0.008857546,1,13,11,26,168,80,Female
1627019385000.0,5.9759274,0.50757074,7.6135616,0.019242255,0.031154128,0.0027488936,1,13,11,26,168,80,Female
1627032112000.0,6.0142345,0.50757074,7.6135616,0.025045475,0.033292156,0.007330383,1,13,11,26,168,80,Female
1627042582000.0,6.0142345,0.49799395,7.5561004,0.02107485,0.023823744,0.01160644,1,13,11,26,168,80,Female
1627053359000.0,5.9567738,0.51714754,7.575254,0.017715093,0.032375857,0.014049901,1,13,11,26,168,80,Female
1627065365000.0,5.9280434,0.45010993,7.5465236,0.030543262,0.026267206,0.011911872,1,13,11,26,168,80,Female
1627077865000.0,5.899313,0.45010993,7.5561004,0.039095376,0.026267206,0.012217305,1,13,11,26,168,80,Female
1627090485000.0,5.8801594,0.46926352,7.5944076,0.04520403,0.02443461,0.01282817,1,13,11,26,168,80,Female
1627103705000.0,5.861006,0.48841715,7.5848308,0.04153884,0.014966198,0.016187929,1,13,11,26,168,80,Female
1627114970000.0,5.851429,0.48841715,7.5944076,0.047647487,0.0125227375,0.01985312,1,13,11,26,168,80,Female
1627127897000.0,5.8801594,0.48841715,7.6231384,0.050701816,0.009162978,0.016187929,1,13,11,26,168,80,Female
1627140399000.0,5.899313,0.49799395,7.6231384,0.04886922,-0.0012217305,0.015882496,1,13,11,26,168,80,Female
1627150300000.0,5.9184666,0.50757074,7.5944076,0.06658431,-0.008552114,0.013133603,1,13,11,26,168,80,Female
1627161817000.0,5.9663506,0.5554548,7.5848308,0.044898596,-0.008246681,0.0076358155,1,13,11,26,168,80,Female
1627171240000.0,6.0046577,0.61291564,7.5944076,0.048258353,-0.008857546,0.011911872,1,13,11,26,168,80,Female
1627182523000.0,6.0525417,0.641646,7.5561004,0.03634648,-0.013439035,0.013439035,1,13,11,26,168,80,Female
1627192066000.0,6.042965,0.6799533,7.52737,0.036957346,0.003970624,0.01863139,1,13,11,26,168,80,Female
1627202832000.0,6.0046577,0.6895301,7.52737,0.032375857,0.005497787,0.018325957,1,13,11,26,168,80,Female
1627216026000.0,5.995081,0.7086837,7.575254,0.02687807,-0.0021380284,0.023823744,1,13,11,26,168,80,Female
1627227007000.0,5.985504,0.6895301,7.5944076,0.022602014,0.00030543262,0.030543262,1,13,11,26,168,80,Female
1627236963000.0,5.9663506,0.7182605,7.5848308,0.021380283,-0.006414085,0.029626964,1,13,11,26,168,80,Female
1627246726000.0,5.9759274,0.7565677,7.5848308,0.012217305,-0.01160644,0.035124753,1,13,11,26,168,80,Female
1627256921000.0,5.93762,0.7469909,7.5848308,0.003970624,-0.0067195175,0.030848695,1,13,11,26,168,80,Female
1627266977000.0,5.9184666,0.6703765,7.575254,0.0125227375,-0.013439035,0.027488936,1,13,11,26,168,80,Female
1627278630000.0,5.9567738,0.61291564,7.517793,0.013744468,-0.025045475,0.02687807,1,13,11,26,168,80,Female
1627290956000.0,6.0238113,0.5363012,7.52737,0.0076358155,-0.018325957,0.02321288,1,13,11,26,168,80,Female
1627303573000.0,6.0046577,0.50757074,7.5848308,0.017104227,-0.029626964,0.019242255,1,13,11,26,168,80,Female
1627315903000.0,6.0046577,0.5650316,7.6135616,0.01985312,-0.03145956,0.021991149,1,13,11,26,168,80,Female
1627327309000.0,5.9663506,0.59376204,7.603985,0.022907447,-0.04734206,0.017104227,1,13,11,26,168,80,Female
1627337343000.0,5.90889,0.60333884,7.565677,0.029932396,-0.04337143,0.019242255,1,13,11,26,168,80,Female
1627347184000.0,5.8705826,0.59376204,7.536947,0.029932396,-0.03940081,0.0143553335,1,13,11,26,168,80,Female
1627361393000.0,5.90889,0.5650316,7.4603324,0.040011674,-0.034208454,0.004276057,1,13,11,26,168,80,Female
1627371059000.0,5.9280434,0.61291564,7.469909,0.03359759,-0.04428773,-0.0009162979,1,13,11,26,168,80,Female
1627381757000.0,5.985504,0.60333884,7.489063,0.042760566,-0.048258353,-0.0106901415,1,13,11,26,168,80,Female
1627392048000.0,6.0238113,0.62249243,7.4603324,0.038179077,-0.06627888,-0.007330383,1,13,11,26,168,80,Female
1627402433000.0,6.042965,0.6512229,7.4986396,0.035124753,-0.06627888,-0.015882496,1,13,11,26,168,80,Female
1627412649000.0,6.081272,0.6607997,7.4507556,0.042455133,-0.06811147,-0.016493361,1,13,11,26,168,80,Female
1627423051000.0,6.129156,0.7086837,7.431602,0.03634648,-0.06414085,-0.0125227375,1,13,11,26,168,80,Female
1627436125000.0,6.1866174,0.7086837,7.393295,0.023823744,-0.064751714,-0.009162978,1,13,11,26,168,80,Female
1627445683000.0,6.244078,0.7086837,7.422025,0.02321288,-0.043676864,0.005192355,1,13,11,26,168,80,Female
1627457656000.0,6.3206925,0.6991069,7.422025,0.0021380284,-0.040317107,0.004581489,1,13,11,26,168,80,Female
1627467596000.0,6.3111157,0.6703765,7.383718,-0.010079277,-0.026267206,0.006414085,1,13,11,26,168,80,Female
1627480606000.0,6.2345014,0.5650316,7.383718,-0.009773844,-0.028099801,0.004276057,1,13,11,26,168,80,Female
1627490506000.0,6.205771,0.59376204,7.3549876,-0.0067195175,-0.02321288,0.0076358155,1,13,11,26,168,80,Female
1627502366000.0,6.14831,0.58418524,7.4124484,0.0070249503,-0.025045475,-0.00030543262,1,13,11,26,168,80,Female
1627512446000.0,6.1004257,0.62249243,7.431602,-0.0036651916,-0.03268129,-0.0012217305,1,13,11,26,168,80,Female
1627522163000.0,6.0238113,0.61291564,7.469909,-0.0030543262,-0.0290161,-0.0067195175,1,13,11,26,168,80,Female
1627535302000.0,6.042965,0.63206923,7.479486,-0.0106901415,-0.019242255,-0.008857546,1,13,11,26,168,80,Female
1627545884000.0,6.042965,0.61291564,7.4986396,-0.009468411,-0.0290161,-0.019547688,1,13,11,26,168,80,Female
1627556534000.0,6.033388,0.641646,7.469909,0.002443461,-0.031154128,-0.018325957,1,13,11,26,168,80,Female
1627566200000.0,6.033388,0.6799533,7.4507556,0.002443461,-0.028405234,-0.02443461,1,13,11,26,168,80,Female
1627577404000.0,6.1195793,0.7278373,7.431602,0.0012217305,-0.03268129,-0.025045475,1,13,11,26,168,80,Female
1627587318000.0,6.1195793,0.7182605,7.4028716,-0.004276057,-0.03023783,-0.020463986,1,13,11,26,168,80,Female
1627597318000.0,6.129156,0.7374141,7.374141,-0.0125227375,-0.03176499,-0.034513887,1,13,11,26,168,80,Female
1627609924000.0,6.14831,0.7565677,7.383718,-0.022907447,-0.028405234,-0.03023783,1,13,11,26,168,80,Female
1627620686000.0,6.196194,0.7661445,7.3645644,-0.02107485,-0.0290161,-0.02076942,1,13,11,26,168,80,Female
1627631416000.0,6.291962,0.7278373,7.335834,-0.021991149,-0.02321288,-0.01740966,1,13,11,26,168,80,Female
1627641109000.0,6.2728086,0.7278373,7.3549876,-0.02107485,-0.025045475,-0.028099801,1,13,11,26,168,80,Female
1627651941000.0,6.2823853,0.7565677,7.3549876,-0.02565634,-0.016798794,-0.009773844,1,13,11,26,168,80,Female
1627661836000.0,6.2823853,0.7374141,7.3549876,-0.03359759,-0.019547688,-0.008246681,1,13,11,26,168,80,Female
1627671672000.0,6.291962,0.7469909,7.3071036,-0.04062254,0.0036651916,-0.007941248,1,13,11,26,168,80,Female
1627686088000.0,6.2249246,0.82360536,7.431602,-0.04337143,0.009773844,-0.008246681,1,13,11,26,168,80,Female
1627696601000.0,6.2345014,0.842759,7.4028716,-0.04520403,0.016798794,-0.0125227375,1,13,11,26,168,80,Female
1627706903000.0,6.244078,0.8619126,7.431602,-0.036957346,0.02687807,-0.015271631,1,13,11,26,168,80,Female
1627716336000.0,6.253655,0.8331822,7.393295,-0.042760566,0.032986723,-0.013439035,1,13,11,26,168,80,Female
1627729774000.0,6.215348,0.79487497,7.383718,-0.033292156,0.02565634,-0.011301007,1,13,11,26,168,80,Female
1627741006000.0,6.196194,0.7278373,7.335834,-0.03573562,0.03268129,-0.0106901415,1,13,11,26,168,80,Female
1627752439000.0,6.1770406,0.6607997,7.3166804,-0.017104227,0.022602014,-0.013133603,1,13,11,26,168,80,Female
1627762323000.0,6.14831,0.59376204,7.393295,-0.011301007,0.01282817,-0.0012217305,1,13,11,26,168,80,Female
1627771828000.0,6.129156,0.60333884,7.4124484,-0.015882496,0.004581489,0.004581489,1,13,11,26,168,80,Female
1627782089000.0,6.167464,0.5746084,7.4507556,-0.01863139,0.005192355,0.007330383,1,13,11,26,168,80,Female
1627792334000.0,6.14831,0.58418524,7.431602,-0.011911872,0.0125227375,0.009468411,1,13,11,26,168,80,Female
1627803463000.0,6.1866174,0.545878,7.383718,-0.014966198,0.0061086523,-0.00580322,1,13,11,26,168,80,Female
1627816226000.0,6.2249246,0.47884035,7.3549876,-0.013439035,0.02107485,0.005192355,1,13,11,26,168,80,Female
1627827247000.0,6.244078,0.51714754,7.3645644,-0.017104227,0.023823744,-0.0012217305,1,13,11,26,168,80,Female
1627837639000.0,6.244078,0.51714754,7.3549876,-0.00580322,0.032070424,0.0061086523,1,13,11,26,168,80,Female
1627847813000.0,6.215348,0.5363012,7.4124484,-0.019547688,0.021685716,0.012217305,1,13,11,26,168,80,Female
1627861669000.0,6.1387334,0.59376204,7.345411,-0.016798794,0.02565634,0.009773844,1,13,11,26,168,80,Female
1627871327000.0,6.1387334,0.59376204,7.345411,-0.014966198,0.036957346,0.004886922,1,13,11,26,168,80,Female
1627882696000.0,6.14831,0.60333884,7.3166804,-0.024740042,0.0421497,-0.0018325958,1,13,11,26,168,80,Female
1627893501000.0,6.215348,0.63206923,7.3071036,-0.021380283,0.054061573,-0.002443461,1,13,11,26,168,80,Female
1627904147000.0,6.2345014,0.6607997,7.3166804,-0.02107485,0.055588737,-0.0070249503,1,13,11,26,168,80,Female
1627915786000.0,6.2728086,0.63206923,7.3645644,-0.027183503,0.0693332,-0.00580322,1,13,11,26,168,80,Female
1627927388000.0,6.291962,0.641646,7.4028716,-0.03023783,0.0711658,0.0033597588,1,13,11,26,168,80,Female
1627940584000.0,6.301539,0.6512229,7.4028716,-0.029626964,0.080634214,0.0027488936,1,13,11,26,168,80,Female
1627951460000.0,6.291962,0.6703765,7.4028716,-0.03726278,0.09101892,0.01282817,1,13,11,26,168,80,Female
1627960913000.0,6.291962,0.6799533,7.345411,-0.04184427,0.09621128,0.018020526,1,13,11,26,168,80,Female
1627971375000.0,6.2632318,0.6991069,7.335834,-0.023823744,0.118507855,0.025350908,1,13,11,26,168,80,Female
1627982549000.0,6.215348,0.6991069,7.374141,-0.03726278,0.11636983,0.01985312,1,13,11,26,168,80,Female
1627992361000.0,6.196194,0.6991069,7.3645644,-0.044593163,0.1328632,0.029321533,1,13,11,26,168,80,Female
1628003969000.0,6.1866174,0.6895301,7.4028716,-0.03940081,0.13255776,0.028405234,1,13,11,26,168,80,Female
1628016219000.0,6.1387334,0.6607997,7.374141,-0.027488936,0.13041973,0.029932396,1,13,11,26,168,80,Female
1628027431000.0,6.1195793,0.6512229,7.374141,-0.025350908,0.129198,0.025961773,1,13,11,26,168,80,Female
1628038588000.0,6.1004257,0.62249243,7.4507556,-0.015271631,0.14294247,0.02076942,1,13,11,26,168,80,Female
1628051559000.0,6.0716953,0.545878,7.489063,-0.017715093,0.14110987,0.013744468,1,13,11,26,168,80,Female
1628062327000.0,6.0621185,0.50757074,7.5082164,-0.0067195175,0.15424347,0.010079277,1,13,11,26,168,80,Female
1628072293000.0,6.0525417,0.50757074,7.5561004,0.00030543262,0.15332718,0.00580322,1,13,11,26,168,80,Female
1628084616000.0,6.0238113,0.50757074,7.5561004,0.0012217305,0.16371189,0.014966198,1,13,11,26,168,80,Female
1628094879000.0,6.0142345,0.545878,7.5848308,0.01160644,0.15607607,0.024129177,1,13,11,26,168,80,Female
1628105910000.0,5.9663506,0.5554548,7.5848308,0.027183503,0.15577064,0.02443461,1,13,11,26,168,80,Female
1628115739000.0,5.899313,0.59376204,7.642292,0.03023783,0.1432479,0.025350908,1,13,11,26,168,80,Female
1628127077000.0,5.8322754,0.63206923,7.680599,0.035430185,0.13805555,0.042455133,1,13,11,26,168,80,Female
1628138101000.0,5.7748146,0.6799533,7.699753,0.034513887,0.12675454,0.03940081,1,13,11,26,168,80,Female
1628147766000.0,5.717354,0.63206923,7.680599,0.03756821,0.12370021,0.043676864,1,13,11,26,168,80,Female
1628160754000.0,5.746084,0.58418524,7.6614456,0.04062254,0.13103059,0.04337143,1,13,11,26,168,80,Female
1628170255000.0,5.746084,0.61291564,7.690176,0.045814894,0.116980694,0.04550946,1,13,11,26,168,80,Female
1628180402000.0,5.7269306,0.5746084,7.6710224,0.049480084,0.11881329,0.053145275,1,13,11,26,168,80,Female
1628190175000.0,5.717354,0.5554548,7.680599,0.047647487,0.10415252,0.064751714,1,13,11,26,168,80,Female
1628208518000.0,5.7365074,0.5554548,7.7093296,0.053450707,0.089186326,0.06872234,1,13,11,26,168,80,Female
1628217840000.0,5.7269306,0.58418524,7.699753,0.048563786,0.09162979,0.06963864,1,13,11,26,168,80,Female
1628227916000.0,5.707777,0.61291564,7.680599,0.039095376,0.09468412,0.06566802,1,13,11,26,168,80,Female
1628240179000.0,5.765238,0.61291564,7.690176,0.03756821,0.093767814,0.06719518,1,13,11,26,168,80,Female
1628252490000.0,5.746084,0.60333884,7.6614456,0.034513887,0.095294975,0.06291912,1,13,11,26,168,80,Female
1628262135000.0,5.717354,0.5650316,7.651869,0.019242255,0.1020145,0.06383542,1,13,11,26,168,80,Female
1628273039000.0,5.707777,0.545878,7.680599,0.028710667,0.10140363,0.06658431,1,13,11,26,168,80,Female
1628286605000.0,5.66947,0.5554548,7.776367,0.028099801,0.10354166,0.05955936,1,13,11,26,168,80,Female
1628296212000.0,5.650316,0.5267244,7.795521,0.028710667,0.09010262,0.06169739,1,13,11,26,168,80,Female
1628306768000.0,5.6215854,0.545878,7.872135,0.03023783,0.09437868,0.06078109,1,13,11,26,168,80,Female
1628316396000.0,5.602432,0.58418524,7.9104424,0.034513887,0.08735373,0.06658431,1,13,11,26,168,80,Female
1628328470000.0,5.535394,0.5746084,7.920019,0.032986723,0.087964594,0.054367006,1,13,11,26,168,80,Female
1628339630000.0,5.497087,0.59376204,7.929596,0.034208454,0.080634214,0.051923547,1,13,11,26,168,80,Female
1628352645000.0,5.497087,0.61291564,7.8912888,0.040317107,0.0729984,0.03940081,1,13,11,26,168,80,Female
1628364636000.0,5.5258174,0.5746084,7.8529816,0.03176499,0.07086037,0.03970624,1,13,11,26,168,80,Female
1628377502000.0,5.554548,0.59376204,7.843405,0.027183503,0.060170226,0.028405234,1,13,11,26,168,80,Female
1628389903000.0,5.554548,0.58418524,7.8529816,0.028405234,0.046120327,0.027488936,1,13,11,26,168,80,Female
1628403386000.0,5.506664,0.60333884,7.843405,0.024129177,0.042455133,0.024129177,1,13,11,26,168,80,Female
1628413086000.0,5.506664,0.60333884,7.843405,0.0030543262,0.029932396,0.033292156,1,13,11,26,168,80,Female
1628423111000.0,5.48751,0.6799533,7.843405,0.01160644,0.03145956,0.029321533,1,13,11,26,168,80,Female
1628435980000.0,5.5162406,0.6799533,7.833828,0.003970624,0.040011674,0.025045475,1,13,11,26,168,80,Female
1628446254000.0,5.554548,0.6991069,7.8146744,0.012217305,0.047036625,0.022907447,1,13,11,26,168,80,Female
1628456498000.0,5.592855,0.6895301,7.795521,-0.0030543262,0.054367006,0.021380283,1,13,11,26,168,80,Female
1628466313000.0,5.6120086,0.6895301,7.776367,-0.006414085,0.054367006,0.018020526,1,13,11,26,168,80,Female
1628478747000.0,5.602432,0.7182605,7.795521,-0.007941248,0.064446285,0.027488936,1,13,11,26,168,80,Female
1628490964000.0,5.650316,0.6991069,7.8146744,-0.014049901,0.062002823,0.03176499,1,13,11,26,168,80,Female
1628501255000.0,5.717354,0.6607997,7.824251,-0.0143553335,0.04642576,0.043676864,1,13,11,26,168,80,Female
1628511379000.0,5.6886234,0.6512229,7.8625584,-0.015577064,0.038179077,0.062002823,1,13,11,26,168,80,Female
1628521443000.0,5.659893,0.5554548,7.8912888,-0.0125227375,0.023518313,0.07238753,1,13,11,26,168,80,Female
1628532621000.0,5.592855,0.5267244,7.8625584,-0.016493361,0.029321533,0.07452556,1,13,11,26,168,80,Female
1628542553000.0,5.535394,0.5363012,7.872135,-0.005497787,0.02076942,0.06994407,1,13,11,26,168,80,Female
1628553845000.0,5.4779334,0.5267244,7.872135,-0.0143553335,0.021380283,0.05681047,1,13,11,26,168,80,Female
1628563576000.0,5.439626,0.51714754,7.8050976,-0.0015271631,0.011911872,0.052839845,1,13,11,26,168,80,Female
1628577538000.0,5.3821654,0.47884035,7.795521,0.010995574,0.015577064,0.03604105,1,13,11,26,168,80,Female
1628587641000.0,5.3725886,0.47884035,7.747637,0.014049901,0.01740966,0.008552114,1,13,11,26,168,80,Female
1628597276000.0,5.4300494,0.47884035,7.747637,0.029321533,0.01740966,0.009162978,1,13,11,26,168,80,Female
1628610655000.0,5.506664,0.48841715,7.8529816,0.03176499,-0.0076358155,0.0027488936,1,13,11,26,168,80,Female
1628620641000.0,5.554548,0.5267244,7.833828,0.046731193,-0.0067195175,0.012217305,1,13,11,26,168,80,Female
1628631852000.0,5.592855,0.545878,7.843405,0.041233405,-0.005192355,0.0070249503,1,13,11,26,168,80,Female
1628641787000.0,5.6120086,0.5650316,7.8050976,0.03359759,-0.009468411,0.0076358155,1,13,11,26,168,80,Female
1628652954000.0,5.6120086,0.59376204,7.785944,0.036651913,-0.002443461,0.0033597588,1,13,11,26,168,80,Female
1628665840000.0,5.631162,0.60333884,7.785944,0.02443461,0.008246681,0.0061086523,1,13,11,26,168,80,Female
1628678335000.0,5.659893,0.58418524,7.7572136,0.018020526,-0.0018325958,0.0076358155,1,13,11,26,168,80,Female
1628687855000.0,5.6790466,0.5650316,7.785944,0.01740966,0.007330383,0.01160644,1,13,11,26,168,80,Female
1628698472000.0,5.6407394,0.5746084,7.8050976,0.020463986,-0.0012217305,0.0106901415,1,13,11,26,168,80,Female
1628709168000.0,5.6120086,0.59376204,7.833828,0.0125227375,-0.004276057,0.0061086523,1,13,11,26,168,80,Female
1628719765000.0,5.583278,0.59376204,7.785944,0.014966198,0.0021380284,0.008857546,1,13,11,26,168,80,Female
1628731037000.0,5.5641246,0.5363012,7.785944,0.002443461,-0.010995574,0.008246681,1,13,11,26,168,80,Female
1628740697000.0,5.5737014,0.51714754,7.7572136,0.00580322,-0.008552114,0.0033597588,1,13,11,26,168,80,Female
1628752779000.0,5.583278,0.5267244,7.795521,0.0021380284,-0.004276057,-0.0070249503,1,13,11,26,168,80,Female
1628765349000.0,5.592855,0.545878,7.795521,0.0061086523,-0.00580322,-0.002443461,1,13,11,26,168,80,Female
1628776703000.0,5.602432,0.5650316,7.785944,0.0015271631,0.004581489,-0.009162978,1,13,11,26,168,80,Female
1628786356000.0,5.602432,0.58418524,7.785944,0.005497787,-0.0009162979,-0.009162978,1,13,11,26,168,80,Female
1628796380000.0,5.6215854,0.59376204,7.843405,0.008857546,-0.006414085,-0.0012217305,1,13,11,26,168,80,Female
1628806655000.0,5.592855,0.60333884,7.8146744,0.0067195175,0.005497787,-0.01160644,1,13,11,26,168,80,Female
1628816671000.0,5.5737014,0.62249243,7.795521,0.0027488936,-0.018936822,-0.018020526,1,13,11,26,168,80,Female
1628827417000.0,5.554548,0.63206923,7.747637,0.004886922,-0.009468411,-0.013133603,1,13,11,26,168,80,Female
1628837208000.0,5.583278,0.61291564,7.785944,0.004886922,-0.01038471,-0.012217305,1,13,11,26,168,80,Female
1628847332000.0,5.602432,0.62249243,7.785944,-0.00061086525,-0.021685716,-0.018020526,1,13,11,26,168,80,Female
1628859613000.0,5.631162,0.63206923,7.776367,0.0009162979,-0.013744468,-0.012217305,1,13,11,26,168,80,Female
1628869483000.0,5.6407394,0.62249243,7.785944,-0.0070249503,-0.013133603,-0.009468411,1,13,11,26,168,80,Female
1628880793000.0,5.66947,0.62249243,7.7667904,-0.004886922,-0.010079277,-0.0067195175,1,13,11,26,168,80,Female
1628890665000.0,5.659893,0.60333884,7.7572136,0.0061086523,-0.010995574,0.0015271631,1,13,11,26,168,80,Female
1628902833000.0,5.650316,0.60333884,7.73806,-0.005497787,-0.013439035,0.004581489,1,13,11,26,168,80,Female
1628915310000.0,5.6215854,0.59376204,7.73806,-0.00061086525,-0.0012217305,-0.0015271631,1,13,11,26,168,80,Female
1628927130000.0,5.659893,0.58418524,7.7189064,-0.005497787,-0.0070249503,0.0125227375,1,13,11,26,168,80,Female
1628936571000.0,5.659893,0.5363012,7.7667904,0.009468411,-0.007330383,0.01160644,1,13,11,26,168,80,Female
1628946398000.0,5.650316,0.5554548,7.824251,0.010079277,-0.0009162979,0.017104227,1,13,11,26,168,80,Female
1628957008000.0,5.650316,0.58418524,7.872135,0.009773844,-0.01038471,0.017104227,1,13,11,26,168,80,Female
1628966631000.0,5.602432,0.63206923,7.881712,0.0015271631,0.00061086525,0.02107485,1,13,11,26,168,80,Female
1628978090000.0,5.583278,0.6607997,7.8912888,0.0027488936,-0.004581489,0.028710667,1,13,11,26,168,80,Female
1628987948000.0,5.583278,0.6799533,7.833828,0.011301007,0.013744468,0.018325957,1,13,11,26,168,80,Female
1628997644000.0,5.554548,0.6607997,7.8050976,0.004886922,0.004276057,0.025961773,1,13,11,26,168,80,Female
1629011329000.0,5.535394,0.59376204,7.8146744,0.013439035,-0.00030543262,0.016187929,1,13,11,26,168,80,Female
1629021000000.0,5.592855,0.5267244,7.785944,0.020463986,-0.0009162979,0.016798794,1,13,11,26,168,80,Female
1629032256000.0,5.5737014,0.49799395,7.785944,0.017104227,-0.014966198,0.018020526,1,13,11,26,168,80,Female
1629041852000.0,5.554548,0.4405331,7.824251,0.015577064,-0.022907447,0.013133603,1,13,11,26,168,80,Female
1629053077000.0,5.544971,0.45968673,7.8050976,0.021380283,-0.02107485,0.01038471,1,13,11,26,168,80,Female
1629062328000.0,5.5641246,0.49799395,7.8146744,0.020463986,-0.024129177,0.011911872,1,13,11,26,168,80,Female
1629072475000.0,5.583278,0.5267244,7.843405,0.01282817,-0.0125227375,0.01740966,1,13,11,26,168,80,Female
1629089077000.0,5.6120086,0.5746084,7.8529816,0.01160644,-0.007330383,0.01740966,1,13,11,26,168,80,Female
1629104163000.0,5.602432,0.59376204,7.8625584,0.006414085,-0.01160644,0.013744468,1,13,11,26,168,80,Female
1629113966000.0,5.631162,0.5746084,7.8146744,0.009162978,-0.015577064,0.012217305,1,13,11,26,168,80,Female
1629126586000.0,5.6120086,0.5363012,7.833828,-0.006414085,-0.014966198,-0.0021380284,1,13,11,26,168,80,Female
1629136315000.0,5.5737014,0.5363012,7.776367,-0.005192355,-0.02321288,-0.0070249503,1,13,11,26,168,80,Female
1629145928000.0,5.5737014,0.5267244,7.7667904,-0.003970624,-0.026267206,-0.0021380284,1,13,11,26,168,80,Female
1629156846000.0,5.554548,0.5554548,7.73806,-0.002443461,-0.018325957,-0.014049901,1,13,11,26,168,80,Female
1629166205000.0,5.602432,0.5554548,7.699753,-0.014966198,-0.022602014,-0.011301007,1,13,11,26,168,80,Female
1629179387000.0,5.6215854,0.59376204,7.7093296,-0.019547688,-0.016798794,-0.020463986,1,13,11,26,168,80,Female
1629190522000.0,5.66947,0.641646,7.7189064,-0.015577064,-0.007941248,-0.023518313,1,13,11,26,168,80,Female
1629202376000.0,5.6790466,0.60333884,7.728483,-0.018020526,-0.01985312,-0.027794369,1,13,11,26,168,80,Female
1629212124000.0,5.6886234,0.60333884,7.7667904,-0.015882496,-0.003970624,-0.023518313,1,13,11,26,168,80,Female
1629221649000.0,5.650316,0.60333884,7.7572136,-0.012217305,-0.004581489,-0.021991149,1,13,11,26,168,80,Female
1629232931000.0,5.6407394,0.59376204,7.7572136,-0.011301007,-0.010995574,-0.016493361,1,13,11,26,168,80,Female
1629243560000.0,5.6215854,0.5554548,7.7572136,-0.0106901415,-0.00061086525,-0.020463986,1,13,11,26,168,80,Female
1629260345000.0,5.631162,0.545878,7.73806,-0.003970624,-0.0018325958,-0.007330383,1,13,11,26,168,80,Female
1629270440000.0,5.602432,0.545878,7.785944,-0.002443461,-0.009468411,-0.01160644,1,13,11,26,168,80,Female
1629281209000.0,5.6120086,0.5650316,7.747637,-0.0033597588,-0.009773844,-0.016187929,1,13,11,26,168,80,Female
1629291449000.0,5.592855,0.5554548,7.7572136,-0.0033597588,-0.013133603,-0.009468411,1,13,11,26,168,80,Female
1629301888000.0,5.6215854,0.5554548,7.73806,0.0012217305,-0.013744468,-0.0067195175,1,13,11,26,168,80,Female
1629311064000.0,5.6407394,0.545878,7.73806,-0.0036651916,-0.011911872,-0.0033597588,1,13,11,26,168,80,Female
1629321051000.0,5.66947,0.5363012,7.728483,0.008246681,-0.0036651916,0.0070249503,1,13,11,26,168,80,Female
1629331169000.0,5.6407394,0.5650316,7.728483,0.016187929,-0.005497787,0.010995574,1,13,11,26,168,80,Female
1629341369000.0,5.6790466,0.61291564,7.747637,0.013744468,-0.0021380284,0.016493361,1,13,11,26,168,80,Female
1629351760000.0,5.659893,0.58418524,7.747637,0.02107485,-0.00061086525,0.018325957,1,13,11,26,168,80,Female
1629361808000.0,5.66947,0.62249243,7.7189064,0.015577064,-0.00061086525,0.022907447,1,13,11,26,168,80,Female
1629371966000.0,5.66947,0.63206923,7.728483,0.018936822,0.013439035,0.021685716,1,13,11,26,168,80,Female
1629382105000.0,5.6790466,0.641646,7.728483,0.0076358155,-0.0036651916,0.027794369,1,13,11,26,168,80,Female
1629392371000.0,5.650316,0.6607997,7.7093296,0.0070249503,0.0076358155,0.023823744,1,13,11,26,168,80,Female
1629403545000.0,5.659893,0.6512229,7.73806,0.004276057,0.022602014,0.02321288,1,13,11,26,168,80,Female
1629415685000.0,5.659893,0.62249243,7.824251,0.010079277,0.009162978,0.029321533,1,13,11,26,168,80,Female
1629427321000.0,5.659893,0.641646,7.8146744,-0.0018325958,0.0076358155,0.015882496,1,13,11,26,168,80,Female
1629437893000.0,5.631162,0.6607997,7.8050976,0.00030543262,0.013133603,0.027183503,1,13,11,26,168,80,Female
1629448557000.0,5.592855,0.6512229,7.785944,0.006414085,0.0106901415,0.016493361,1,13,11,26,168,80,Female
1629461040000.0,5.5641246,0.58418524,7.843405,0.005192355,0.009162978,0.017715093,1,13,11,26,168,80,Female
1629471340000.0,5.592855,0.5746084,7.833828,-0.006414085,-0.0033597588,0.008246681,1,13,11,26,168,80,Female
1629481940000.0,5.631162,0.5650316,7.833828,0.00061086525,0.00030543262,0.0076358155,1,13,11,26,168,80,Female
1629491556000.0,5.602432,0.5650316,7.8146744,-0.009468411,0.0036651916,0.008246681,1,13,11,26,168,80,Female
1629502664000.0,5.6120086,0.545878,7.7667904,0.005192355,-0.0012217305,0.009773844,1,13,11,26,168,80,Female
1629515580000.0,5.602432,0.545878,7.795521,0.002443461,0.004276057,0.014049901,1,13,11,26,168,80,Female
1629527320000.0,5.5737014,0.5554548,7.73806,0.0030543262,-0.00061086525,0.0061086523,1,13,11,26,168,80,Female
1629537663000.0,5.5641246,0.5554548,7.7572136,0.011911872,0.011301007,0.0070249503,1,13,11,26,168,80,Female
1629547476000.0,5.5737014,0.5363012,7.728483,0.0009162979,-0.002443461,-0.00061086525,1,13,11,26,168,80,Female
1629560571000.0,5.583278,0.5363012,7.795521,0.005192355,-0.0015271631,0.0061086523,1,13,11,26,168,80,Female
1629570906000.0,5.602432,0.5554548,7.8050976,-0.0009162979,-0.00580322,0.00580322,1,13,11,26,168,80,Female
1629581641000.0,5.6215854,0.5363012,7.7572136,0.004581489,-0.005497787,-0.010079277,1,13,11,26,168,80,Female
1629591366000.0,5.583278,0.545878,7.7667904,-0.0067195175,-0.006414085,-0.00061086525,1,13,11,26,168,80,Female
1629602520000.0,5.6120086,0.5554548,7.7572136,-0.00061086525,0.0009162979,-0.0018325958,1,13,11,26,168,80,Female
1629612613000.0,5.631162,0.58418524,7.7667904,0.007941248,-0.0076358155,-0.010079277,1,13,11,26,168,80,Female
1629622928000.0,5.602432,0.58418524,7.776367,0.006414085,-0.0015271631,-0.002443461,1,13,11,26,168,80,Female
1629634898000.0,5.650316,0.62249243,7.795521,0.00061086525,-0.004581489,-0.002443461,1,13,11,26,168,80,Female
1629645552000.0,5.66947,0.6512229,7.824251,0.004581489,0.0012217305,-0.0012217305,1,13,11,26,168,80,Female
1629656832000.0,5.650316,0.6703765,7.795521,-0.003970624,-0.005497787,-0.0009162979,1,13,11,26,168,80,Female
1629666803000.0,5.650316,0.6895301,7.795521,0.00061086525,0.0012217305,-0.0033597588,1,13,11,26,168,80,Female
1629678319000.0,5.66947,0.6799533,7.785944,-0.003970624,-0.002443461,0.0036651916,1,13,11,26,168,80,Female
1629689610000.0,5.6790466,0.6607997,7.776367,-0.005497787,-0.005497787,0.0015271631,1,13,11,26,168,80,Female
1629702473000.0,5.66947,0.63206923,7.7667904,-0.0036651916,0.0030543262,0.0021380284,1,13,11,26,168,80,Female
1629711688000.0,5.6790466,0.62249243,7.73806,-0.002443461,0.0067195175,0.007941248,1,13,11,26,168,80,Female
1629722147000.0,5.6407394,0.60333884,7.699753,-0.00030543262,0.0018325958,0.005497787,1,13,11,26,168,80,Female
1629732352000.0,5.6407394,0.62249243,7.776367,0.0033597588,0.008552114,0.016798794,1,13,11,26,168,80,Female
1629742315000.0,5.6407394,0.61291564,7.776367,0.0033597588,-0.00061086525,0.01985312,1,13,11,26,168,80,Female
1629755235000.0,5.6215854,0.58418524,7.7667904,0.009773844,0.0033597588,0.021685716,1,13,11,26,168,80,Female
1629766062000.0,5.6215854,0.5650316,7.8050976,0.008246681,0.0106901415,0.019242255,1,13,11,26,168,80,Female
1629777687000.0,5.631162,0.5746084,7.8146744,0.0067195175,0.01282817,0.019242255,1,13,11,26,168,80,Female
1629787285000.0,5.6215854,0.545878,7.776367,0.012217305,0.010079277,0.015271631,1,13,11,26,168,80,Female
1629797308000.0,5.659893,0.51714754,7.7572136,0.009162978,0.007941248,0.023823744,1,13,11,26,168,80,Female
1629807295000.0,5.650316,0.50757074,7.785944,0.007330383,0.01038471,0.017715093,1,13,11,26,168,80,Female
1629817313000.0,5.6407394,0.47884035,7.7572136,0.0076358155,0.011911872,0.025350908,1,13,11,26,168,80,Female
1629831680000.0,5.650316,0.49799395,7.7667904,0.015271631,0.014049901,0.014660766,1,13,11,26,168,80,Female
1629841294000.0,5.6120086,0.5363012,7.776367,0.007330383,0.009468411,0.025350908,1,13,11,26,168,80,Female
1629852252000.0,5.631162,0.5554548,7.843405,0.013439035,0.012217305,0.02107485,1,13,11,26,168,80,Female
1629861879000.0,5.602432,0.58418524,7.824251,0.0061086523,-0.0012217305,0.017715093,1,13,11,26,168,80,Female
1629872513000.0,5.6215854,0.61291564,7.8146744,0.0033597588,0.0125227375,0.018325957,1,13,11,26,168,80,Female
1629885178000.0,5.631162,0.59376204,7.8146744,0.004581489,0.015577064,0.013133603,1,13,11,26,168,80,Female
1629894629000.0,5.6120086,0.5554548,7.7572136,0.010995574,0.008246681,0.0143553335,1,13,11,26,168,80,Female
1629904901000.0,5.592855,0.5554548,7.747637,0.0009162979,0.0036651916,0.0125227375,1,13,11,26,168,80,Female
1629915183000.0,5.6120086,0.5363012,7.73806,0.0027488936,0.00061086525,0.015882496,1,13,11,26,168,80,Female
1629930137000.0,5.6120086,0.62249243,7.795521,0.0036651916,0.005497787,0.013744468,1,13,11,26,168,80,Female
1629940914000.0,5.602432,0.60333884,7.7667904,-0.005497787,-0.0015271631,0.011301007,1,13,11,26,168,80,Female
1629955174000.0,5.592855,0.62249243,7.8146744,0.005192355,-0.008246681,0.024740042,1,13,11,26,168,80,Female
1629965926000.0,5.6215854,0.62249243,7.833828,0.0076358155,0.0018325958,0.013439035,1,13,11,26,168,80,Female
1629978941000.0,5.6215854,0.59376204,7.833828,0.0015271631,-0.011301007,0.008552114,1,13,11,26,168,80,Female
1629990694000.0,5.6120086,0.5746084,7.776367,0.0033597588,0.0036651916,0.00580322,1,13,11,26,168,80,Female
1630003888000.0,5.6120086,0.5554548,7.785944,-0.008552114,-0.010995574,0.002443461,1,13,11,26,168,80,Female
1630015954000.0,5.659893,0.5554548,7.833828,-0.0030543262,-0.0036651916,0.00580322,1,13,11,26,168,80,Female
1630028738000.0,5.6407394,0.58418524,7.795521,0.00030543262,-0.015271631,0.005497787,1,13,11,26,168,80,Female
1630040769000.0,5.650316,0.59376204,7.824251,0.0030543262,-0.003970624,0.009468411,1,13,11,26,168,80,Female
1630053549000.0,5.650316,0.60333884,7.8146744,0.0033597588,-0.010995574,-0.0018325958,1,13,11,26,168,80,Female
1630065667000.0,5.631162,0.59376204,7.7667904,-0.005192355,-0.008857546,-0.0021380284,1,13,11,26,168,80,Female
1630078664000.0,5.6215854,0.59376204,7.728483,-0.0030543262,-0.007941248,0.0015271631,1,13,11,26,168,80,Female
1630090845000.0,5.650316,0.62249243,7.690176,-0.004886922,-0.009468411,0.0033597588,1,13,11,26,168,80,Female
1630103776000.0,5.659893,0.60333884,7.699753,-0.00030543262,-0.0018325958,0.00030543262,1,13,11,26,168,80,Female
1630115959000.0,5.6790466,0.62249243,7.699753,0.00580322,0.00061086525,0.01038471,1,13,11,26,168,80,Female
1630128764000.0,5.793968,0.59376204,7.680599,-0.004581489,0.009773844,0.005192355,1,13,11,26,168,80,Female
1630141122000.0,5.8226986,0.58418524,7.651869,-0.004581489,0.008857546,0.0061086523,1,13,11,26,168,80,Female
1630153266000.0,5.813122,0.5554548,7.651869,-0.0030543262,0.0070249503,0.016187929,1,13,11,26,168,80,Female
1630165264000.0,5.8226986,0.5746084,7.728483,0.0070249503,0.022296581,0.020463986,1,13,11,26,168,80,Female
1630178014000.0,5.717354,0.59376204,7.73806,-0.0061086523,0.02687807,0.021380283,1,13,11,26,168,80,Female
1630189616000.0,5.6790466,0.5746084,7.7667904,-0.0027488936,0.025045475,0.028710667,1,13,11,26,168,80,Female
1630202410000.0,5.6215854,0.61291564,7.7572136,0.0061086523,0.015271631,0.035124753,1,13,11,26,168,80,Female
1630212461000.0,5.5737014,0.60333884,7.795521,0.010995574,0.017104227,0.048258353,1,13,11,26,168,80,Female
1630222962000.0,5.544971,0.59376204,7.795521,0.023518313,0.022602014,0.04062254,1,13,11,26,168,80,Female
1630236151000.0,5.535394,0.58418524,7.8625584,0.02321288,0.0030543262,0.037873644,1,13,11,26,168,80,Female
1630245773000.0,5.535394,0.5650316,7.824251,0.023518313,0.004276057,0.030848695,1,13,11,26,168,80,Female
1630256282000.0,5.544971,0.5267244,7.8050976,0.03726278,-0.004886922,0.026572637,1,13,11,26,168,80,Female
1630266017000.0,5.5737014,0.545878,7.7572136,0.030543262,0.00030543262,0.022907447,1,13,11,26,168,80,Female
1630277630000.0,5.6215854,0.5363012,7.747637,0.03268129,0.005192355,0.019547688,1,13,11,26,168,80,Female
1630287172000.0,5.631162,0.51714754,7.7572136,0.024740042,-0.004581489,0.013744468,1,13,11,26,168,80,Female
1630297977000.0,5.631162,0.51714754,7.7667904,0.020463986,-0.00030543262,0.021685716,1,13,11,26,168,80,Female
1630310819000.0,5.602432,0.5650316,7.8050976,0.027794369,0.011301007,0.014966198,1,13,11,26,168,80,Female
1630320907000.0,5.631162,0.59376204,7.8146744,0.01160644,0.008552114,0.03023783,1,13,11,26,168,80,Female
1630331407000.0,5.6407394,0.63206923,7.824251,0.005497787,0.01863139,0.021991149,1,13,11,26,168,80,Female
1630341210000.0,5.6215854,0.7086837,7.785944,0.012217305,0.020463986,0.023518313,1,13,11,26,168,80,Female
1630352388000.0,5.583278,0.6895301,7.795521,0.0015271631,0.019547688,0.0106901415,1,13,11,26,168,80,Female
1630361939000.0,5.6120086,0.6703765,7.73806,-0.010079277,0.016493361,0.005497787,1,13,11,26,168,80,Female
1630372060000.0,5.631162,0.641646,7.747637,-0.002443461,0.011911872,0.004276057,1,13,11,26,168,80,Female
1630382713000.0,5.6407394,0.59376204,7.776367,-0.00061086525,0.007330383,0.00030543262,1,13,11,26,168,80,Female
1630393063000.0,5.6215854,0.5650316,7.7572136,-0.009468411,0.01038471,0.005192355,1,13,11,26,168,80,Female
1630403690000.0,5.602432,0.545878,7.73806,-0.01038471,0.00580322,0.0009162979,1,13,11,26,168,80,Female
1630414853000.0,5.5737014,0.58418524,7.8050976,-0.009468411,0.009162978,-0.00030543262,1,13,11,26,168,80,Female
1630427702000.0,5.535394,0.5746084,7.833828,-0.010995574,0.009773844,-0.0009162979,1,13,11,26,168,80,Female
1630437725000.0,5.544971,0.5650316,7.872135,-0.013439035,0.0009162979,-0.00030543262,1,13,11,26,168,80,Female
1630448074000.0,5.5737014,0.5363012,7.8529816,-0.004886922,-0.00030543262,-0.004886922,1,13,11,26,168,80,Female
1630461090000.0,5.554548,0.46926352,7.785944,0.005497787,-0.00061086525,0.00030543262,1,13,11,26,168,80,Female
1630470733000.0,5.5641246,0.45968673,7.795521,0.013439035,-0.003970624,0.00580322,1,13,11,26,168,80,Female
1630481946000.0,5.554548,0.48841715,7.785944,0.021380283,-0.016187929,0.003970624,1,13,11,26,168,80,Female
1630491625000.0,5.5737014,0.5650316,7.795521,0.0125227375,-0.0143553335,0.0036651916,1,13,11,26,168,80,Female
1630503941000.0,5.6120086,0.5746084,7.7572136,0.005192355,-0.0143553335,0.0036651916,1,13,11,26,168,80,Female
1630515596000.0,5.6215854,0.61291564,7.785944,0.019547688,-0.002443461,0.003970624,1,13,11,26,168,80,Female
1630528715000.0,5.6407394,0.6512229,7.747637,0.0018325958,-0.006414085,0.009773844,1,13,11,26,168,80,Female
1630539870000.0,5.659893,0.641646,7.747637,0.013439035,-0.010995574,0.009468411,1,13,11,26,168,80,Female
1630552838000.0,5.650316,0.6607997,7.7572136,0.0061086523,0.0009162979,0.005192355,1,13,11,26,168,80,Female
1630563439000.0,5.6407394,0.6703765,7.7572136,-0.002443461,-0.005192355,0.008857546,1,13,11,26,168,80,Female
1630573915000.0,5.659893,0.7086837,7.728483,-0.0009162979,0.0012217305,0.005192355,1,13,11,26,168,80,Female
1630592549000.0,5.6215854,0.6991069,7.7667904,-0.0018325958,-0.0036651916,-0.0015271631,1,13,11,26,168,80,Female
1630603563000.0,5.650316,0.6895301,7.7667904,0.008246681,-0.008552114,0.004886922,1,13,11,26,168,80,Female
1630615619000.0,5.6407394,0.6703765,7.776367,0.0076358155,-0.004581489,0.006414085,1,13,11,26,168,80,Female
1630628764000.0,5.6120086,0.60333884,7.776367,0.008552114,0.004581489,0.0027488936,1,13,11,26,168,80,Female
1630640912000.0,5.631162,0.60333884,7.8146744,0.009773844,-0.003970624,0.005497787,1,13,11,26,168,80,Female
1630653542000.0,5.6215854,0.5650316,7.776367,0.005192355,-0.007941248,0.008552114,1,13,11,26,168,80,Female
1630665859000.0,5.583278,0.5363012,7.7667904,0.007330383,-0.008246681,0.009468411,1,13,11,26,168,80,Female
1630680456000.0,5.5737014,0.5363012,7.833828,0.011301007,-0.012217305,0.004581489,1,13,11,26,168,80,Female
1630690961000.0,5.592855,0.545878,7.7572136,0.004886922,-0.009162978,0.011911872,1,13,11,26,168,80,Female
1630703739000.0,5.602432,0.5650316,7.7572136,0.01160644,-0.0070249503,0.007941248,1,13,11,26,168,80,Female
1630715910000.0,5.6215854,0.5746084,7.747637,0.005497787,-0.0061086523,0.007330383,1,13,11,26,168,80,Female
1630728711000.0,5.631162,0.60333884,7.699753,0.016493361,-0.005497787,0.00580322,1,13,11,26,168,80,Female
1630740818000.0,5.650316,0.5746084,7.690176,0.01282817,-0.009773844,0.0030543262,1,13,11,26,168,80,Female
1630753257000.0,5.659893,0.5650316,7.7093296,0.013133603,-0.0027488936,0.008246681,1,13,11,26,168,80,Female
1630765121000.0,5.6982,0.5650316,7.728483,0.008857546,-0.0021380284,0.0070249503,1,13,11,26,168,80,Female
1630778563000.0,5.659893,0.6512229,7.747637,0.005192355,0.0009162979,0.004886922,1,13,11,26,168,80,Female
1630790393000.0,5.650316,0.6703765,7.8146744,0.01282817,0.00580322,0.009468411,1,13,11,26,168,80,Female
1630803746000.0,5.631162,0.6607997,7.8146744,-0.0061086523,0.008857546,0.007941248,1,13,11,26,168,80,Female
1630815994000.0,5.717354,0.6703765,7.747637,-0.0076358155,0.015577064,0.02107485,1,13,11,26,168,80,Female
1630828774000.0,5.707777,0.641646,7.73806,0.003970624,0.014966198,0.018020526,1,13,11,26,168,80,Female
1630840871000.0,5.707777,0.62249243,7.776367,-0.004886922,0.01740966,0.03023783,1,13,11,26,168,80,Female
1630853091000.0,5.6790466,0.60333884,7.776367,-0.01038471,0.008246681,0.025045475,1,13,11,26,168,80,Female
1630865167000.0,5.6120086,0.60333884,7.776367,0.004276057,-0.003970624,0.029932396,1,13,11,26,168,80,Female
1630878450000.0,5.6215854,0.61291564,7.7667904,0.00580322,0.005192355,0.038789943,1,13,11,26,168,80,Female
1630890868000.0,5.544971,0.59376204,7.7667904,0.0106901415,0.008857546,0.029321533,1,13,11,26,168,80,Female
1630902626000.0,5.535394,0.5746084,7.7572136,0.017715093,0.009773844,0.016187929,1,13,11,26,168,80,Female
1630911943000.0,5.5641246,0.545878,7.7572136,0.013133603,0.0015271631,0.0070249503,1,13,11,26,168,80,Female
1630921833000.0,5.554548,0.5746084,7.747637,0.015577064,0.006414085,0.013744468,1,13,11,26,168,80,Female
1630931947000.0,5.554548,0.5554548,7.747637,0.022907447,0.0012217305,0.008857546,1,13,11,26,168,80,Female
1630942139000.0,5.583278,0.5746084,7.785944,0.01985312,-0.0015271631,0.009773844,1,13,11,26,168,80,Female
1630952928000.0,5.6215854,0.58418524,7.8146744,0.016798794,0.0012217305,0.010079277,1,13,11,26,168,80,Female
1630965318000.0,5.6215854,0.6512229,7.795521,0.013439035,0.00580322,0.01038471,1,13,11,26,168,80,Female
1630978032000.0,5.631162,0.63206923,7.776367,0.018936822,0.00030543262,0.004581489,1,13,11,26,168,80,Female
1630989976000.0,5.6407394,0.61291564,7.785944,0.019547688,0.01038471,0.005497787,1,13,11,26,168,80,Female
1631005659000.0,5.6982,0.61291564,7.8146744,0.009773844,0.00580322,0.005192355,1,13,11,26,168,80,Female
1631016505000.0,5.6790466,0.61291564,7.8146744,-0.0018325958,0.01038471,0.0076358155,1,13,11,26,168,80,Female
1631030275000.0,5.659893,0.62249243,7.795521,0.0027488936,0.013439035,0.008552114,1,13,11,26,168,80,Female
1631041281000.0,5.6407394,0.63206923,7.776367,-0.0030543262,0.0061086523,0.01282817,1,13,11,26,168,80,Female
1631051852000.0,5.592855,0.58418524,7.8050976,0.009773844,0.0027488936,0.010995574,1,13,11,26,168,80,Female
1631062061000.0,5.5162406,0.58418524,7.824251,-0.01160644,0.00061086525,0.008246681,1,13,11,26,168,80,Female
1631071786000.0,5.5162406,0.59376204,7.8529816,0.010995574,0.0036651916,0.007941248,1,13,11,26,168,80,Female
1631083045000.0,5.506664,0.5267244,7.843405,0.014660766,-0.0036651916,0.013744468,1,13,11,26,168,80,Female
1631093502000.0,5.48751,0.59376204,7.872135,0.008857546,-0.0067195175,0.008857546,1,13,11,26,168,80,Female
1631105807000.0,5.5162406,0.58418524,7.843405,0.018020526,-0.016798794,-0.0012217305,1,13,11,26,168,80,Female
1631115815000.0,5.506664,0.58418524,7.824251,0.008246681,-0.014660766,-0.0018325958,1,13,11,26,168,80,Female
1631131897000.0,5.554548,0.5650316,7.833828,0.016187929,-0.020158553,-0.0009162979,1,13,11,26,168,80,Female
1631141521000.0,5.583278,0.58418524,7.843405,0.009773844,-0.016798794,0.008857546,1,13,11,26,168,80,Female
1631153564000.0,5.592855,0.5746084,7.8529816,0.01038471,-0.03145956,0.008857546,1,13,11,26,168,80,Female
1631163601000.0,5.5737014,0.58418524,7.824251,0.0076358155,-0.025045475,0.013744468,1,13,11,26,168,80,Female
1631173125000.0,5.6120086,0.62249243,7.8529816,0.013439035,-0.021685716,0.015577064,1,13,11,26,168,80,Female
1631185696000.0,5.6120086,0.641646,7.8050976,0.0061086523,-0.03023783,0.016798794,1,13,11,26,168,80,Female
1631195610000.0,5.6215854,0.6512229,7.785944,0.011301007,-0.026267206,0.009773844,1,13,11,26,168,80,Female
1631206094000.0,5.592855,0.62249243,7.8050976,0.009468411,-0.028405234,0.009773844,1,13,11,26,168,80,Female
1631215745000.0,5.592855,0.62249243,7.776367,0.01282817,-0.018020526,0.004276057,1,13,11,26,168,80,Female
1631228535000.0,5.6120086,0.6512229,7.7572136,0.00061086525,-0.018325957,0.0021380284,1,13,11,26,168,80,Female
1631240936000.0,5.6215854,0.62249243,7.747637,0.0106901415,-0.020463986,0.0143553335,1,13,11,26,168,80,Female
1631253766000.0,5.6120086,0.641646,7.8050976,-0.00061086525,-0.017715093,0.0027488936,1,13,11,26,168,80,Female
1631265976000.0,5.6407394,0.641646,7.824251,0.0067195175,-0.023823744,0.0125227375,1,13,11,26,168,80,Female
1631278678000.0,5.6407394,0.641646,7.8050976,0.013439035,-0.01740966,0.0033597588,1,13,11,26,168,80,Female
1631290937000.0,5.6120086,0.6799533,7.785944,0.0009162979,-0.01863139,0.00580322,1,13,11,26,168,80,Female
1631303745000.0,5.6407394,0.63206923,7.7572136,0.006414085,-0.021380283,0.009773844,1,13,11,26,168,80,Female
1631315945000.0,5.6407394,0.61291564,7.795521,0.00061086525,-0.010079277,0.006414085,1,13,11,26,168,80,Female
1631328616000.0,5.6982,0.5650316,7.73806,0.013744468,-0.020158553,0.020158553,1,13,11,26,168,80,Female
1631340956000.0,5.6790466,0.59376204,7.7667904,0.009162978,-0.021991149,0.021991149,1,13,11,26,168,80,Female
1631353709000.0,5.66947,0.61291564,7.776367,0.013439035,-0.027183503,0.017104227,1,13,11,26,168,80,Female
1631365933000.0,5.6407394,0.61291564,7.795521,0.0070249503,-0.03604105,0.014049901,1,13,11,26,168,80,Female
1631378562000.0,5.6407394,0.6799533,7.73806,0.0030543262,-0.036651913,0.009773844,1,13,11,26,168,80,Female
1631390967000.0,5.6886234,0.6799533,7.73806,-0.0012217305,-0.031154128,0.0030543262,1,13,11,26,168,80,Female
1631403765000.0,5.7269306,0.6703765,7.7093296,-0.010995574,-0.021380283,0.00061086525,1,13,11,26,168,80,Female
1631415954000.0,5.7365074,0.63206923,7.73806,-0.0061086523,-0.026572637,-0.0061086523,1,13,11,26,168,80,Female
1631428581000.0,5.755661,0.60333884,7.73806,-0.009162978,-0.021380283,0.0036651916,1,13,11,26,168,80,Female
1631441031000.0,5.7843914,0.641646,7.7093296,-0.0021380284,-0.022296581,-0.006414085,1,13,11,26,168,80,Female
1631453639000.0,5.7748146,0.6512229,7.7189064,-0.0070249503,-0.022907447,-0.0012217305,1,13,11,26,168,80,Female
1631465967000.0,5.755661,0.6512229,7.680599,0.0027488936,-0.018936822,-0.0015271631,1,13,11,26,168,80,Female
1631478540000.0,5.755661,0.6512229,7.7572136,0.0030543262,-0.00580322,-0.0030543262,1,13,11,26,168,80,Female
1631490962000.0,5.746084,0.6607997,7.776367,0.004886922,-0.005192355,-0.0018325958,1,13,11,26,168,80,Female
1631503663000.0,5.717354,0.6607997,7.776367,-0.004886922,-0.015577064,0.0027488936,1,13,11,26,168,80,Female
1631515946000.0,5.6886234,0.63206923,7.7572136,-0.003970624,0.0012217305,0.008246681,1,13,11,26,168,80,Female
1631528555000.0,5.6886234,0.59376204,7.776367,0.0067195175,-0.003970624,0.0106901415,1,13,11,26,168,80,Female
1631540950000.0,5.6886234,0.59376204,7.7093296,0.008246681,-0.00061086525,0.016798794,1,13,11,26,168,80,Female
1631553626000.0,5.6790466,0.5650316,7.73806,0.022907447,-0.005192355,0.0076358155,1,13,11,26,168,80,Female
1631565561000.0,5.6982,0.58418524,7.73806,0.01985312,-0.0036651916,0.007941248,1,13,11,26,168,80,Female
1631578612000.0,5.707777,0.5554548,7.699753,0.029932396,-0.007941248,0.0070249503,1,13,11,26,168,80,Female
1631590992000.0,5.707777,0.58418524,7.7189064,0.021685716,-0.004886922,0.00030543262,1,13,11,26,168,80,Female
1631603664000.0,5.755661,0.63206923,7.690176,0.019242255,0.0015271631,0.0030543262,1,13,11,26,168,80,Female
1631615971000.0,5.7843914,0.641646,7.7189064,0.008552114,-0.0015271631,0.01740966,1,13,11,26,168,80,Female
1631628605000.0,5.7748146,0.63206923,7.7189064,0.0012217305,0.004276057,0.01038471,1,13,11,26,168,80,Female
1631640947000.0,5.765238,0.61291564,7.690176,-0.002443461,0.005192355,0.01038471,1,13,11,26,168,80,Female
1631653668000.0,5.7269306,0.6895301,7.699753,-0.005192355,0.012217305,0.009162978,1,13,11,26,168,80,Female
1631665965000.0,5.707777,0.7278373,7.6710224,0.0067195175,0.0106901415,0.01740966,1,13,11,26,168,80,Female
1631678578000.0,5.6886234,0.6799533,7.7093296,-0.00061086525,0.0070249503,0.0143553335,1,13,11,26,168,80,Female
1631690912000.0,5.66947,0.6799533,7.73806,0.0061086523,0.01038471,0.007941248,1,13,11,26,168,80,Female
1631703556000.0,5.650316,0.6799533,7.7189064,0.008857546,0.013744468,0.016798794,1,13,11,26,168,80,Female
1631715949000.0,5.6790466,0.62249243,7.728483,0.01038471,0.015577064,0.01038471,1,13,11,26,168,80,Female
1631728602000.0,5.659893,0.61291564,7.699753,0.006414085,0.011911872,0.01160644,1,13,11,26,168,80,Female
1631740953000.0,5.6407394,0.61291564,7.728483,0.01985312,0.0067195175,0.009773844,1,13,11,26,168,80,Female
1631753681000.0,5.659893,0.61291564,7.776367,0.015271631,0.011911872,0.016187929,1,13,11,26,168,80,Female
1631765971000.0,5.631162,0.63206923,7.833828,0.0125227375,0.014660766,0.015577064,1,13,11,26,168,80,Female
1631778508000.0,5.6790466,0.6703765,7.785944,0.00580322,0.018020526,0.021380283,1,13,11,26,168,80,Female
1631790960000.0,5.66947,0.6703765,7.7189064,0.008246681,0.025045475,0.018325957,1,13,11,26,168,80,Female
1631803634000.0,5.6982,0.6703765,7.699753,0.016493361,0.02107485,0.021991149,1,13,11,26,168,80,Female
1631815922000.0,5.6790466,0.60333884,7.699753,0.010995574,0.005497787,0.01985312,1,13,11,26,168,80,Female
1631828591000.0,5.6982,0.61291564,7.7093296,0.010079277,0.007941248,0.02076942,1,13,11,26,168,80,Female
1631840958000.0,5.66947,0.60333884,7.747637,0.008552114,-0.0036651916,0.015882496,1,13,11,26,168,80,Female
1631853614000.0,5.631162,0.60333884,7.7189064,0.008246681,0.00061086525,0.0143553335,1,13,11,26,168,80,Female
1631865964000.0,5.659893,0.5746084,7.690176,-0.006414085,0.011911872,0.008552114,1,13,11,26,168,80,Female
1631878517000.0,5.707777,0.60333884,7.728483,-0.010995574,0.016798794,0.008552114,1,13,11,26,168,80,Female
1631890939000.0,5.7365074,0.63206923,7.73806,-0.016798794,0.016798794,0.011911872,1,13,11,26,168,80,Female
1631903549000.0,5.746084,0.641646,7.7572136,-0.024129177,0.009773844,0.0143553335,1,13,11,26,168,80,Female
1631915952000.0,5.755661,0.6703765,7.747637,-0.031154128,0.015882496,0.01985312,1,13,11,26,168,80,Female
1631928656000.0,5.659893,0.6991069,7.785944,-0.028710667,0.009162978,0.016493361,1,13,11,26,168,80,Female
1631940932000.0,5.659893,0.7086837,7.824251,-0.025350908,0.008857546,0.013133603,1,13,11,26,168,80,Female
1631953556000.0,5.650316,0.6607997,7.824251,-0.018020526,0.009773844,0.009773844,1,13,11,26,168,80,Female
1631965608000.0,5.583278,0.63206923,7.824251,-0.0067195175,0.010995574,0.00580322,1,13,11,26,168,80,Female
1631978503000.0,5.5162406,0.545878,7.920019,-0.008857546,-0.0027488936,-0.003970624,1,13,11,26,168,80,Female
1631990718000.0,5.45878,0.51714754,7.97748,0.0076358155,0.0076358155,0.0015271631,1,13,11,26,168,80,Female
1632003600000.0,5.3821654,0.51714754,8.025364,0.004276057,-0.021380283,0.01282817,1,13,11,26,168,80,Female
1632015974000.0,5.363012,0.48841715,8.025364,0.021685716,-0.035124753,0.0106901415,1,13,11,26,168,80,Female
1632028529000.0,5.315128,0.46926352,7.881712,0.029321533,-0.054061573,-0.0009162979,1,13,11,26,168,80,Female
1632040925000.0,5.2768207,0.45010993,7.8529816,0.03634648,-0.06536258,0.0070249503,1,13,11,26,168,80,Female
1632053623000.0,5.2768207,0.4309563,7.843405,0.044898596,-0.0852157,-0.0009162979,1,13,11,26,168,80,Female
1632065947000.0,5.401319,0.41180268,7.776367,0.051923547,-0.101098195,-0.003970624,1,13,11,26,168,80,Female
1632078588000.0,5.48751,0.45010993,7.747637,0.048563786,-0.11789699,0.011301007,1,13,11,26,168,80,Female
